Workbook

Sheet 1. Hướng dẫn
B2: LỘ TRÌNH CHINH PHỤC JLPT N5 TRONG 90 NGÀY
B3: Bám sát giáo trình MINNA NO NIHONGO I (bài 1–25) · 104 Hiragana · 104 Katakana · 45 bộ thủ · 103 Kanji · 112 mẫu ngữ pháp · 350 từ vựng có mẹo nhớ
B5: 👉 NGÀY BẮT ĐẦU HỌC | C5: 46266 | D5: ◀ Chỉ cần sửa ô vàng này, cả file tự cập nhật
B6: Ngày thi dự kiến | C6: =$C$5+89 -> 46355 | D6: Ngày bắt đầu cộng 89 ngày
B9: MỖI NGÀY CHỈ CẦN 2 BƯỚC
B10: Bước 1 | C10: Mở sheet '2. Lộ trình tổng quan', tìm dòng của hôm nay. Dòng này cho biết nhanh: hôm nay học Minna bài mấy, Kanji nào, bộ thủ nào, mấy mẫu ngữ pháp, mấy từ mới.
B11: Bước 2 | C11: Mở sheet chi tiết tương ứng (3, 4, 5 hoặc 6), tìm khối màu của ngày đó. Ở đó có 4–6 đầu việc kèm số phút, nội dung đầy đủ: từng chữ Kanji có âm On/Kun và mẹo nhớ, từng mẫu ngữ pháp có câu ví dụ, từng từ vựng có mẹo nhớ. Xong việc nào tick 'Xong' việc đó.
B12: Lưu ý | C12: Bạn CHỈ tick ở sheet chi tiết. Cột tiến độ ở sheet tổng quan tự chạy theo, không phải tick hai lần.
B14: CẦN CHUẨN BỊ GÌ
B15: Sách chính | C15: Minna no Nihongo I — bản Honsatsu (sách chính) và bản dịch–giải thích ngữ pháp tiếng Việt. Nên có thêm CD hoặc file nghe đi kèm.
B16: Sách bài tập | C16: Minna no Nihongo I — Hyōjun Mondaishū (標準問題集) để làm bài tập và phần nghe sau mỗi bài.
B17: Dụng cụ | C17: Vở kẻ ô vuông để luyện viết Kanji, một cuốn sổ tay nhỏ ghi lỗi sai, bút chì 2B.
B18: Ứng dụng | C18: Anki hoặc Quizlet để ôn từ vựng theo phương pháp lặp lại ngắt quãng.
B20: BA GIAI ĐOẠN
B21: Ngày 1–14 · Bảng chữ cái | C21: Tuần 1 Hiragana, tuần 2 Katakana. Chưa mở Minna vội. Mỗi âm đều có mẹo nhớ hình dáng ở sheet 7.
B22: Ngày 15–77 · Minna bài 1–25 | C22: Mỗi bài học trong 2 ngày (riêng bài 14, 17, 19, 20 khó hơn nên được 3 ngày). Mỗi ngày: 1 bộ thủ + 2 Kanji + 2 mẫu ngữ pháp + 7 từ mới + 20 phút nghe/đọc. Chủ Nhật hằng tuần là ngày ôn, không học bài mới.
B23: Ngày 78–90 · Tổng ôn | C23: Ôn lại toàn bộ, hai đề thi thử full bấm giờ vào ngày 84 và 88. Ngày 90 nghỉ ngơi.
B25: HỌC TỪ VỰNG KIỂU NÀO CHO NHỚ
B26: 1. Ưu tiên âm Hán Việt | C26: Đây là lợi thế lớn nhất của người Việt. 先生 = TIÊN SINH, 会社員 = HỘI XÃ VIÊN, 図書館 = ĐỒ THƯ QUÁN. Biết âm Hán Việt là đoán được nghĩa hàng trăm từ chưa từng học.
B27: 2. Tách chữ ra thành bộ thủ | C27: 休 = 亻(người) tựa 木(cây) → nghỉ mát. 明 = 日(mặt trời) + 月(mặt trăng) → sáng. Cách này nhớ lâu gấp nhiều lần học vẹt từng nét.
B28: 3. Học theo cụm, đừng học chữ lẻ | C28: Đừng học 電 một mình. Học luôn 電車 (tàu điện), 電話 (điện thoại), 電気 (điện). Một chữ kéo theo ba từ.
B29: 4. Học theo cặp trái nghĩa | C29: 上手↔下手, 大きい↔小さい, 安い↔高い, 押します↔引きます. Não ghi nhớ theo cặp tốt hơn nhiều so với ghi nhớ đơn lẻ.
B30: 5. Với từ thuần kana | C30: Dùng liên tưởng âm thanh tiếng Việt: ねこ (mèo) — 'nê cô'; おなか (bụng) — 'ô, na ca'. Mỗi từ trong file đều đã có sẵn một mẹo ở cột 'Mẹo nhớ'.
B31: 6. Ôn ngắt quãng | C31: Từ mới hôm nay phải được gặp lại sau 1 ngày, 3 ngày, 1 tuần. Đó chính là lý do có ngày ôn Chủ Nhật và cột 'Ngày học' trong mọi sheet tra cứu.
B33: VÌ SAO PHẢI HỌC BỘ THỦ
B34: Bộ thủ là gì | C34: Là những mảnh ghép nhỏ tạo nên chữ Kanji. Ví dụ 語 (ngôn ngữ) = 言 (lời nói) + 五 + 口 (miệng).
B35: Lợi ích | C35: Mọi chữ có bộ 言 đều liên quan đến nói năng: 話 nói chuyện, 語 ngôn ngữ, 読 đọc, 記 ghi chép. Học 45 bộ là mở khóa được hàng nghìn chữ.
B36: Cách học | C36: Mỗi ngày ở giai đoạn 2 chỉ học 1 bộ, mất 10 phút. Bảng đầy đủ ở sheet '8. Bộ thủ 45'.
B38: MẸO ĐỂ KHÔNG BỎ CUỘC
B39: Quy tắc 2 ngày | C39: Được nghỉ 1 ngày, nhưng không bao giờ nghỉ 2 ngày liên tiếp.
B40: Ngày quá bận | C40: Làm 'phiên bản rút gọn': chỉ làm việc Kanji và Từ vựng của hôm đó (khoảng 40 phút). Có mặt quan trọng hơn hoàn hảo.
B41: Phải viết tay | C41: Kanji chỉ nhớ được khi viết tay. Nhìn màn hình tạo cảm giác đã thuộc nhưng vào phòng thi sẽ quên.
B42: Điểm chuẩn N5 | C42: Tổng ≥ 80/180, VÀ mỗi phần ≥ 19/60. Nghĩa là không được bỏ hẳn phần Nghe.
B44: MÃ MÀU
B45: Vàng nhạt | C45: Giai đoạn 1 — Bảng chữ cái
B46: Xanh lá nhạt | C46: Giai đoạn 2 — Minna no Nihongo I
B47: Vàng đậm | C47: Ngày ôn tập cuối tuần (Chủ Nhật)
B48: Hồng nhạt | C48: Giai đoạn 3 — Tổng ôn
B49: Cam | C49: Ngày thi thử (ngày 84 và 88)
B50: Xanh lá đậm | C50: Việc bạn đã tick 'Xong'
B52: Nguồn: | C52: Trình tự ngữ pháp và chủ đề bám theo cấu trúc bài học của Minna no Nihongo I. Danh sách Kanji và mẫu ngữ pháp N5 tổng hợp theo practicejlpt.com. JLPT không công bố danh sách chính thức — mọi danh sách phổ biến đều dựa trên đề các năm trước. Phần từ vựng ở đây là bản chọn lọc trọng tâm, hãy đối chiếu thêm mục 語彙 trong sách.

Sheet 2. Lộ trình tổng quan
A1: LỘ TRÌNH TỔNG QUAN 90 NGÀY — xem nhanh ở đây, làm chi tiết ở sheet 3–6
A2: Ngày | B2: Ngày dự kiến | C2: Tuần | D2: Giai đoạn | E2: Minna | F2: Nội dung chính hôm nay | G2: Kanji | H2: Bộ thủ | I2: Ngữ pháp | J2: Từ mới | K2: Nghe/Đọc | L2: Phút | M2: Đã xong | N2: Tiến độ | O2: Ghi chú
A3: 1 | B3: ='1. Hướng dẫn'!$C$5+0 -> 46266 | C3: 1 | D3: Kana | E3: — | F3: Hiragana: 10 âm mới (あ → こ) | G3: — | H3: — | I3: — | J3: 2 từ | K3: Nghe | L3: 90 | M3: =COUNTIF('3. Chi tiết N1-14'!$D$4:$D$8,"Xong")&"/5" -> 0/5 | N3: =COUNTIF('3. Chi tiết N1-14'!$D$4:$D$8,"Xong")/5 -> 0
A4: 2 | B4: ='1. Hướng dẫn'!$C$5+1 -> 46267 | C4: 1 | D4: Kana | E4: — | F4: Hiragana: 9 âm mới (さ → て) | G4: — | H4: — | I4: — | J4: 2 từ | K4: Nghe | L4: 90 | M4: =COUNTIF('3. Chi tiết N1-14'!$D$11:$D$15,"Xong")&"/5" -> 0/5 | N4: =COUNTIF('3. Chi tiết N1-14'!$D$11:$D$15,"Xong")/5 -> 0
A5: 3 | B5: ='1. Hướng dẫn'!$C$5+2 -> 46268 | C5: 1 | D5: Kana | E5: — | F5: Hiragana: 9 âm mới (と → ふ) | G5: — | H5: — | I5: — | J5: 2 từ | K5: Nghe | L5: 90 | M5: =COUNTIF('3. Chi tiết N1-14'!$D$18:$D$22,"Xong")&"/5" -> 0/5 | N5: =COUNTIF('3. Chi tiết N1-14'!$D$18:$D$22,"Xong")/5 -> 0
A6: 4 | B6: ='1. Hướng dẫn'!$C$5+3 -> 46269 | C6: 1 | D6: Kana | E6: — | F6: Hiragana: 9 âm mới (へ → ゆ) | G6: — | H6: — | I6: — | J6: 2 từ | K6: Nghe | L6: 90 | M6: =COUNTIF('3. Chi tiết N1-14'!$D$25:$D$29,"Xong")&"/5" -> 0/5 | N6: =COUNTIF('3. Chi tiết N1-14'!$D$25:$D$29,"Xong")/5 -> 0
A7: 5 | B7: ='1. Hướng dẫn'!$C$5+4 -> 46270 | C7: 1 | D7: Kana | E7: — | F7: Hiragana: 9 âm mới (よ → ん) | G7: — | H7: — | I7: — | J7: 2 từ | K7: Nghe | L7: 90 | M7: =COUNTIF('3. Chi tiết N1-14'!$D$32:$D$36,"Xong")&"/5" -> 0/5 | N7: =COUNTIF('3. Chi tiết N1-14'!$D$32:$D$36,"Xong")/5 -> 0
A8: 6 | B8: ='1. Hướng dẫn'!$C$5+5 -> 46271 | C8: 1 | D8: Kana | E8: — | F8: Hiragana: âm đục, âm bán đục và âm ghép | G8: — | H8: — | I8: — | J8: 2 từ | K8: Nghe | L8: 90 | M8: =COUNTIF('3. Chi tiết N1-14'!$D$39:$D$43,"Xong")&"/5" -> 0/5 | N8: =COUNTIF('3. Chi tiết N1-14'!$D$39:$D$43,"Xong")/5 -> 0
A9: 7 | B9: ='1. Hướng dẫn'!$C$5+6 -> 46272 | C9: 1 | D9: Kana | E9: — | F9: Ôn tập & kiểm tra toàn bộ Hiragana | G9: — | H9: — | I9: — | J9: 2 từ | K9: Nghe | L9: 85 | M9: =COUNTIF('3. Chi tiết N1-14'!$D$46:$D$50,"Xong")&"/5" -> 0/5 | N9: =COUNTIF('3. Chi tiết N1-14'!$D$46:$D$50,"Xong")/5 -> 0
A10: 8 | B10: ='1. Hướng dẫn'!$C$5+7 -> 46273 | C10: 2 | D10: Kana | E10: — | F10: Katakana: 10 âm mới (ア → コ) | G10: — | H10: — | I10: — | J10: 2 từ | K10: Nghe | L10: 90 | M10: =COUNTIF('3. Chi tiết N1-14'!$D$53:$D$57,"Xong")&"/5" -> 0/5 | N10: =COUNTIF('3. Chi tiết N1-14'!$D$53:$D$57,"Xong")/5 -> 0
A11: 9 | B11: ='1. Hướng dẫn'!$C$5+8 -> 46274 | C11: 2 | D11: Kana | E11: — | F11: Katakana: 9 âm mới (サ → テ) | G11: — | H11: — | I11: — | J11: 2 từ | K11: Nghe | L11: 90 | M11: =COUNTIF('3. Chi tiết N1-14'!$D$60:$D$64,"Xong")&"/5" -> 0/5 | N11: =COUNTIF('3. Chi tiết N1-14'!$D$60:$D$64,"Xong")/5 -> 0
A12: 10 | B12: ='1. Hướng dẫn'!$C$5+9 -> 46275 | C12: 2 | D12: Kana | E12: — | F12: Katakana: 9 âm mới (ト → フ) | G12: — | H12: — | I12: — | J12: 2 từ | K12: Nghe | L12: 90 | M12: =COUNTIF('3. Chi tiết N1-14'!$D$67:$D$71,"Xong")&"/5" -> 0/5 | N12: =COUNTIF('3. Chi tiết N1-14'!$D$67:$D$71,"Xong")/5 -> 0
A13: 11 | B13: ='1. Hướng dẫn'!$C$5+10 -> 46276 | C13: 2 | D13: Kana | E13: — | F13: Katakana: 9 âm mới (ヘ → ユ) | G13: — | H13: — | I13: — | J13: 2 từ | K13: Nghe | L13: 90 | M13: =COUNTIF('3. Chi tiết N1-14'!$D$74:$D$78,"Xong")&"/5" -> 0/5 | N13: =COUNTIF('3. Chi tiết N1-14'!$D$74:$D$78,"Xong")/5 -> 0
A14: 12 | B14: ='1. Hướng dẫn'!$C$5+11 -> 46277 | C14: 2 | D14: Kana | E14: — | F14: Katakana: 9 âm mới (ヨ → ン) | G14: — | H14: — | I14: — | J14: 2 từ | K14: Nghe | L14: 90 | M14: =COUNTIF('3. Chi tiết N1-14'!$D$81:$D$85,"Xong")&"/5" -> 0/5 | N14: =COUNTIF('3. Chi tiết N1-14'!$D$81:$D$85,"Xong")/5 -> 0
A15: 13 | B15: ='1. Hướng dẫn'!$C$5+12 -> 46278 | C15: 2 | D15: Kana | E15: — | F15: Katakana: âm đục, âm bán đục và âm ghép | G15: — | H15: — | I15: — | J15: 2 từ | K15: Nghe | L15: 90 | M15: =COUNTIF('3. Chi tiết N1-14'!$D$88:$D$92,"Xong")&"/5" -> 0/5 | N15: =COUNTIF('3. Chi tiết N1-14'!$D$88:$D$92,"Xong")/5 -> 0
A16: 14 | B16: ='1. Hướng dẫn'!$C$5+13 -> 46279 | C16: 2 | D16: Kana | E16: — | F16: Ôn tập & kiểm tra toàn bộ Katakana | G16: — | H16: — | I16: — | J16: 2 từ | K16: Nghe | L16: 85 | M16: =COUNTIF('3. Chi tiết N1-14'!$D$95:$D$99,"Xong")&"/5" -> 0/5 | N16: =COUNTIF('3. Chi tiết N1-14'!$D$95:$D$99,"Xong")/5 -> 0
A17: 15 | B17: ='1. Hướng dẫn'!$C$5+14 -> 46280 | C17: 3 | D17: Minna | E17: Bài 1 (1/2) | F17: Chào hỏi & Giới thiệu bản thân | G17: 日、一 | H17: 人 / 亻 | I17: 3 mẫu | J17: 7 từ | K17: Nghe | L17: 100 | M17: =COUNTIF('4. Chi tiết N15-45'!$D$4:$D$9,"Xong")&"/6" -> 0/6 | N17: =COUNTIF('4. Chi tiết N15-45'!$D$4:$D$9,"Xong")/6 -> 0
A18: 16 | B18: ='1. Hướng dẫn'!$C$5+15 -> 46281 | C18: 3 | D18: Minna | E18: Bài 1 (2/2) | F18: Chào hỏi & Giới thiệu bản thân | G18: 国、会 | H18: 口 | I18: 2 mẫu | J18: 7 từ | K18: Nghe | L18: 100 | M18: =COUNTIF('4. Chi tiết N15-45'!$D$12:$D$17,"Xong")&"/6" -> 0/6 | N18: =COUNTIF('4. Chi tiết N15-45'!$D$12:$D$17,"Xong")/6 -> 0
A19: 17 | B19: ='1. Hướng dẫn'!$C$5+16 -> 46282 | C19: 3 | D19: Minna | E19: Bài 2 (1/2) | F19: これ・それ・あれ — Chỉ đồ vật | G19: 人、年 | H19: 日 | I19: 3 mẫu | J19: 7 từ | K19: Đọc | L19: 100 | M19: =COUNTIF('4. Chi tiết N15-45'!$D$20:$D$25,"Xong")&"/6" -> 0/6 | N19: =COUNTIF('4. Chi tiết N15-45'!$D$20:$D$25,"Xong")/6 -> 0
A20: 18 | B20: ='1. Hướng dẫn'!$C$5+17 -> 46283 | C20: 3 | D20: Minna | E20: Bài 2 (2/2) | F20: これ・それ・あれ — Chỉ đồ vật | G20: 大、十 | H20: 月 | I20: 2 mẫu | J20: 7 từ | K20: Nghe | L20: 100 | M20: =COUNTIF('4. Chi tiết N15-45'!$D$28:$D$33,"Xong")&"/6" -> 0/6 | N20: =COUNTIF('4. Chi tiết N15-45'!$D$28:$D$33,"Xong")/6 -> 0
A21: 19 | B21: ='1. Hướng dẫn'!$C$5+18 -> 46284 | C21: 3 | D21: Minna | E21: Bài 3 (1/2) | F21: ここ・そこ・あそこ — Chỉ nơi chốn | G21: 二、本 | H21: 木 | I21: 3 mẫu | J21: 7 từ | K21: Đọc | L21: 100 | M21: =COUNTIF('4. Chi tiết N15-45'!$D$36:$D$41,"Xong")&"/6" -> 0/6 | N21: =COUNTIF('4. Chi tiết N15-45'!$D$36:$D$41,"Xong")/6 -> 0
A22: 20 | B22: ='1. Hướng dẫn'!$C$5+19 -> 46285 | C22: 3 | D22: Minna | E22: Bài 3 (2/2) | F22: ここ・そこ・あそこ — Chỉ nơi chốn | G22: 中、長 | H22: 水 / 氵 | I22: 2 mẫu | J22: 7 từ | K22: Nghe | L22: 100 | M22: =COUNTIF('4. Chi tiết N15-45'!$D$44:$D$49,"Xong")&"/6" -> 0/6 | N22: =COUNTIF('4. Chi tiết N15-45'!$D$44:$D$49,"Xong")/6 -> 0
A23: 21 | B23: ='1. Hướng dẫn'!$C$5+20 -> 46286 | C23: 3 | D23: Minna | E23: Ôn bài 1–3 | F23: Ôn tập tuần 3 — Minna bài 1–3 | G23: Ôn tuần | H23: Ôn tuần | I23: 練習B・C | J23: Ôn tuần | K23: Nghe + Đọc | L23: 105 | M23: =COUNTIF('4. Chi tiết N15-45'!$D$52:$D$56,"Xong")&"/5" -> 0/5 | N23: =COUNTIF('4. Chi tiết N15-45'!$D$52:$D$56,"Xong")/5 -> 0
A24: 22 | B24: ='1. Hướng dẫn'!$C$5+21 -> 46287 | C24: 4 | D24: Minna | E24: Bài 4 (1/2) | F24: Giờ giấc & Thì của động từ | G24: 出、三 | H24: 火 / 灬 | I24: 3 mẫu | J24: 7 từ | K24: Nghe | L24: 100 | M24: =COUNTIF('4. Chi tiết N15-45'!$D$59:$D$64,"Xong")&"/6" -> 0/6 | N24: =COUNTIF('4. Chi tiết N15-45'!$D$59:$D$64,"Xong")/6 -> 0
A25: 23 | B25: ='1. Hướng dẫn'!$C$5+22 -> 46288 | C25: 4 | D25: Minna | E25: Bài 4 (2/2) | F25: Giờ giấc & Thì của động từ | G25: 時、行 | H25: 土 | I25: 3 mẫu | J25: 7 từ | K25: Đọc | L25: 100 | M25: =COUNTIF('4. Chi tiết N15-45'!$D$67:$D$72,"Xong")&"/6" -> 0/6 | N25: =COUNTIF('4. Chi tiết N15-45'!$D$67:$D$72,"Xong")/6 -> 0
A26: 24 | B26: ='1. Hướng dẫn'!$C$5+23 -> 46289 | C26: 4 | D26: Minna | E26: Bài 5 (1/2) | F26: Đi lại — Phương tiện & Điểm đến | G26: 社、見 | H26: 金 | I26: 3 mẫu | J26: 7 từ | K26: Nghe | L26: 100 | M26: =COUNTIF('4. Chi tiết N15-45'!$D$75:$D$80,"Xong")&"/6" -> 0/6 | N26: =COUNTIF('4. Chi tiết N15-45'!$D$75:$D$80,"Xong")/6 -> 0
A27: 25 | B27: ='1. Hướng dẫn'!$C$5+24 -> 46290 | C27: 4 | D27: Minna | E27: Bài 5 (2/2) | F27: Đi lại — Phương tiện & Điểm đến | G27: 月、分 | H27: 女 | I27: 2 mẫu | J27: 7 từ | K27: Đọc | L27: 100 | M27: =COUNTIF('4. Chi tiết N15-45'!$D$83:$D$88,"Xong")&"/6" -> 0/6 | N27: =COUNTIF('4. Chi tiết N15-45'!$D$83:$D$88,"Xong")/6 -> 0
A28: 26 | B28: ='1. Hướng dẫn'!$C$5+25 -> 46291 | C28: 4 | D28: Minna | E28: Bài 6 (1/2) | F28: Tân ngữ を & Rủ rê | G28: 後、前 | H28: 子 | I28: 3 mẫu | J28: 7 từ | K28: Nghe | L28: 100 | M28: =COUNTIF('4. Chi tiết N15-45'!$D$91:$D$96,"Xong")&"/6" -> 0/6 | N28: =COUNTIF('4. Chi tiết N15-45'!$D$91:$D$96,"Xong")/6 -> 0
A29: 27 | B29: ='1. Hướng dẫn'!$C$5+26 -> 46292 | C29: 4 | D29: Minna | E29: Bài 6 (2/2) | F29: Tân ngữ を & Rủ rê | G29: 生、五 | H29: 心 / 忄 | I29: 2 mẫu | J29: 7 từ | K29: Nghe | L29: 100 | M29: =COUNTIF('4. Chi tiết N15-45'!$D$99:$D$104,"Xong")&"/6" -> 0/6 | N29: =COUNTIF('4. Chi tiết N15-45'!$D$99:$D$104,"Xong")/6 -> 0
A30: 28 | B30: ='1. Hướng dẫn'!$C$5+27 -> 46293 | C30: 4 | D30: Minna | E30: Ôn bài 4–6 | F30: Ôn tập tuần 4 — Minna bài 4–6 | G30: Ôn tuần | H30: Ôn tuần | I30: 練習B・C | J30: Ôn tuần | K30: Nghe + Đọc | L30: 105 | M30: =COUNTIF('4. Chi tiết N15-45'!$D$107:$D$111,"Xong")&"/5" -> 0/5 | N30: =COUNTIF('4. Chi tiết N15-45'!$D$107:$D$111,"Xong")/5 -> 0
A31: 29 | B31: ='1. Hướng dẫn'!$C$5+28 -> 46294 | C31: 5 | D31: Minna | E31: Bài 7 (1/2) | F31: Cho & Nhận, Công cụ で | G31: 間、上 | H31: 手 / 扌 | I31: 3 mẫu | J31: 7 từ | K31: Đọc | L31: 100 | M31: =COUNTIF('4. Chi tiết N15-45'!$D$114:$D$119,"Xong")&"/6" -> 0/6 | N31: =COUNTIF('4. Chi tiết N15-45'!$D$114:$D$119,"Xong")/6 -> 0
A32: 30 | B32: ='1. Hướng dẫn'!$C$5+29 -> 46295 | C32: 5 | D32: Minna | E32: Bài 7 (2/2) | F32: Cho & Nhận, Công cụ で | G32: 東、四 | H32: 目 | I32: 2 mẫu | J32: 7 từ | K32: Nghe | L32: 100 | M32: =COUNTIF('4. Chi tiết N15-45'!$D$122:$D$127,"Xong")&"/6" -> 0/6 | N32: =COUNTIF('4. Chi tiết N15-45'!$D$122:$D$127,"Xong")/6 -> 0
A33: 31 | B33: ='1. Hướng dẫn'!$C$5+30 -> 46296 | C33: 5 | D33: Minna | E33: Bài 8 (1/2) | F33: Tính từ | G33: 今、新 | H33: 耳 | I33: 3 mẫu | J33: 7 từ | K33: Đọc | L33: 100 | M33: =COUNTIF('4. Chi tiết N15-45'!$D$130:$D$135,"Xong")&"/6" -> 0/6 | N33: =COUNTIF('4. Chi tiết N15-45'!$D$130:$D$135,"Xong")/6 -> 0
A34: 32 | B34: ='1. Hướng dẫn'!$C$5+31 -> 46297 | C34: 5 | D34: Minna | E34: Bài 8 (2/2) | F34: Tính từ | G34: 金、九 | H34: 足 / ⻊ | I34: 2 mẫu | J34: 7 từ | K34: Nghe | L34: 100 | M34: =COUNTIF('4. Chi tiết N15-45'!$D$138:$D$143,"Xong")&"/6" -> 0/6 | N34: =COUNTIF('4. Chi tiết N15-45'!$D$138:$D$143,"Xong")/6 -> 0
A35: 33 | B35: ='1. Hướng dẫn'!$C$5+32 -> 46298 | C35: 5 | D35: Minna | E35: Bài 9 (1/2) | F35: Thích / Giỏi / Có & Lý do から | G35: 入、立 | H35: 言 / 訁 | I35: 3 mẫu | J35: 7 từ | K35: Nghe | L35: 100 | M35: =COUNTIF('4. Chi tiết N15-45'!$D$146:$D$151,"Xong")&"/6" -> 0/6 | N35: =COUNTIF('4. Chi tiết N15-45'!$D$146:$D$151,"Xong")/6 -> 0
A36: 34 | B36: ='1. Hướng dẫn'!$C$5+33 -> 46299 | C36: 5 | D36: Minna | E36: Bài 9 (2/2) | F36: Thích / Giỏi / Có & Lý do から | G36: 手、学 | H36: 車 | I36: 2 mẫu | J36: 7 từ | K36: Nghe | L36: 100 | M36: =COUNTIF('4. Chi tiết N15-45'!$D$154:$D$159,"Xong")&"/6" -> 0/6 | N36: =COUNTIF('4. Chi tiết N15-45'!$D$154:$D$159,"Xong")/6 -> 0
A37: 35 | B37: ='1. Hướng dẫn'!$C$5+34 -> 46300 | C37: 5 | D37: Minna | E37: Ôn bài 7–9 | F37: Ôn tập tuần 5 — Minna bài 7–9 | G37: Ôn tuần | H37: Ôn tuần | I37: 練習B・C | J37: Ôn tuần | K37: Nghe + Đọc | L37: 105 | M37: =COUNTIF('4. Chi tiết N15-45'!$D$162:$D$166,"Xong")&"/5" -> 0/5 | N37: =COUNTIF('4. Chi tiết N15-45'!$D$162:$D$166,"Xong")/5 -> 0
A38: 36 | B38: ='1. Hướng dẫn'!$C$5+35 -> 46301 | C38: 6 | D38: Minna | E38: Bài 10 (1/2) | F38: Tồn tại — あります / います & Vị trí | G38: 高、円 | H38: 門 | I38: 2 mẫu | J38: 7 từ | K38: Nghe | L38: 100 | M38: =COUNTIF('4. Chi tiết N15-45'!$D$169:$D$174,"Xong")&"/6" -> 0/6 | N38: =COUNTIF('4. Chi tiết N15-45'!$D$169:$D$174,"Xong")/6 -> 0
A39: 37 | B39: ='1. Hướng dẫn'!$C$5+36 -> 46302 | C39: 6 | D39: Minna | E39: Bài 10 (2/2) | F39: Tồn tại — あります / います & Vị trí | G39: 子、目 | H39: 食 / 飠 | I39: 2 mẫu | J39: 7 từ | K39: Đọc | L39: 100 | M39: =COUNTIF('4. Chi tiết N15-45'!$D$177:$D$182,"Xong")&"/6" -> 0/6 | N39: =COUNTIF('4. Chi tiết N15-45'!$D$177:$D$182,"Xong")/6 -> 0
A40: 38 | B40: ='1. Hướng dẫn'!$C$5+37 -> 46303 | C40: 6 | D40: Minna | E40: Bài 11 (1/2) | F40: Số đếm & Lượng từ | G40: 外、言 | H40: 魚 | I40: 3 mẫu | J40: 7 từ | K40: Nghe | L40: 100 | M40: =COUNTIF('4. Chi tiết N15-45'!$D$185:$D$190,"Xong")&"/6" -> 0/6 | N40: =COUNTIF('4. Chi tiết N15-45'!$D$185:$D$190,"Xong")/6 -> 0
A41: 39 | B41: ='1. Hướng dẫn'!$C$5+38 -> 46304 | C41: 6 | D41: Minna | E41: Bài 11 (2/2) | F41: Số đếm & Lượng từ | G41: 八、六 | H41: 雨 | I41: 2 mẫu | J41: 7 từ | K41: Nghe | L41: 100 | M41: =COUNTIF('4. Chi tiết N15-45'!$D$193:$D$198,"Xong")&"/6" -> 0/6 | N41: =COUNTIF('4. Chi tiết N15-45'!$D$193:$D$198,"Xong")/6 -> 0
A42: 40 | B42: ='1. Hướng dẫn'!$C$5+39 -> 46305 | C42: 6 | D42: Minna | E42: Bài 12 (1/2) | F42: Quá khứ của tính từ & So sánh | G42: 下、来 | H42: 山 | I42: 2 mẫu | J42: 7 từ | K42: Nghe | L42: 100 | M42: =COUNTIF('4. Chi tiết N15-45'!$D$201:$D$206,"Xong")&"/6" -> 0/6 | N42: =COUNTIF('4. Chi tiết N15-45'!$D$201:$D$206,"Xong")/6 -> 0
A43: 41 | B43: ='1. Hướng dẫn'!$C$5+40 -> 46306 | C43: 6 | D43: Minna | E43: Bài 12 (2/2) | F43: Quá khứ của tính từ & So sánh | G43: 気、小 | H43: 川 / 巛 | I43: 2 mẫu | J43: 7 từ | K43: Đọc | L43: 100 | M43: =COUNTIF('4. Chi tiết N15-45'!$D$209:$D$214,"Xong")&"/6" -> 0/6 | N43: =COUNTIF('4. Chi tiết N15-45'!$D$209:$D$214,"Xong")/6 -> 0
A44: 42 | B44: ='1. Hướng dẫn'!$C$5+41 -> 46307 | C44: 6 | D44: Minna | E44: Ôn bài 10–12 | F44: Ôn tập tuần 6 — Minna bài 10–12 | G44: Ôn tuần | H44: Ôn tuần | I44: 練習B・C | J44: Ôn tuần | K44: Nghe + Đọc | L44: 105 | M44: =COUNTIF('4. Chi tiết N15-45'!$D$217:$D$221,"Xong")&"/5" -> 0/5 | N44: =COUNTIF('4. Chi tiết N15-45'!$D$217:$D$221,"Xong")/5 -> 0
A45: 43 | B45: ='1. Hướng dẫn'!$C$5+42 -> 46308 | C45: 7 | D45: Minna | E45: Bài 13 (1/2) | F45: Mong muốn — たい & ほしい | G45: 七、山 | H45: 田 | I45: 2 mẫu | J45: 7 từ | K45: Đọc | L45: 100 | M45: =COUNTIF('4. Chi tiết N15-45'!$D$224:$D$229,"Xong")&"/6" -> 0/6 | N45: =COUNTIF('4. Chi tiết N15-45'!$D$224:$D$229,"Xong")/6 -> 0
A46: 44 | B46: ='1. Hướng dẫn'!$C$5+43 -> 46309 | C46: 7 | D46: Minna | E46: Bài 13 (2/2) | F46: Mong muốn — たい & ほしい | G46: 話、多 | H46: 力 | I46: 2 mẫu | J46: 7 từ | K46: Nghe | L46: 100 | M46: =COUNTIF('4. Chi tiết N15-45'!$D$232:$D$237,"Xong")&"/6" -> 0/6 | N46: =COUNTIF('4. Chi tiết N15-45'!$D$232:$D$237,"Xong")/6 -> 0
A47: 45 | B47: ='1. Hướng dẫn'!$C$5+44 -> 46310 | C47: 7 | D47: Minna | E47: Bài 14 (1/3) | F47: Thể て & Yêu cầu | G47: 安、女 | H47: 大 | I47: 2 mẫu | J47: 5 từ | K47: Nghe | L47: 100 | M47: =COUNTIF('4. Chi tiết N15-45'!$D$240:$D$245,"Xong")&"/6" -> 0/6 | N47: =COUNTIF('4. Chi tiết N15-45'!$D$240:$D$245,"Xong")/6 -> 0
A48: 46 | B48: ='1. Hướng dẫn'!$C$5+45 -> 46311 | C48: 7 | D48: Minna | E48: Bài 14 (2/3) | F48: Thể て & Yêu cầu | G48: 北、午 | H48: 小 | I48: 1 mẫu | J48: 5 từ | K48: Nghe | L48: 100 | M48: =COUNTIF('5. Chi tiết N46-77'!$D$4:$D$9,"Xong")&"/6" -> 0/6 | N48: =COUNTIF('5. Chi tiết N46-77'!$D$4:$D$9,"Xong")/6 -> 0
A49: 47 | B49: ='1. Hướng dẫn'!$C$5+46 -> 46312 | C49: 7 | D49: Minna | E49: Bài 14 (3/3) | F49: Thể て & Yêu cầu | G49: 百、書 | H49: 宀 | I49: 1 mẫu | J49: 4 từ | K49: Đọc | L49: 100 | M49: =COUNTIF('5. Chi tiết N46-77'!$D$12:$D$17,"Xong")&"/6" -> 0/6 | N49: =COUNTIF('5. Chi tiết N46-77'!$D$12:$D$17,"Xong")/6 -> 0
A50: 48 | B50: ='1. Hướng dẫn'!$C$5+47 -> 46313 | C50: 7 | D50: Minna | E50: Bài 15 (1/2) | F50: Cho phép & Cấm đoán | G50: 先、名 | H50: 艹 | I50: 2 mẫu | J50: 7 từ | K50: Nghe | L50: 100 | M50: =COUNTIF('5. Chi tiết N46-77'!$D$20:$D$25,"Xong")&"/6" -> 0/6 | N50: =COUNTIF('5. Chi tiết N46-77'!$D$20:$D$25,"Xong")/6 -> 0
A51: 49 | B51: ='1. Hướng dẫn'!$C$5+48 -> 46314 | C51: 7 | D51: Minna | E51: Ôn bài 13–14 | F51: Ôn tập tuần 7 — Minna bài 13–14 | G51: Ôn tuần | H51: Ôn tuần | I51: 練習B・C | J51: Ôn tuần | K51: Nghe + Đọc | L51: 105 | M51: =COUNTIF('5. Chi tiết N46-77'!$D$28:$D$32,"Xong")&"/5" -> 0/5 | N51: =COUNTIF('5. Chi tiết N46-77'!$D$28:$D$32,"Xong")/5 -> 0
A52: 50 | B52: ='1. Hướng dẫn'!$C$5+49 -> 46315 | C52: 8 | D52: Minna | E52: Bài 15 (2/2) | F52: Cho phép & Cấm đoán | G52: 川、千 | H52: 辶 | I52: 2 mẫu | J52: 7 từ | K52: Nghe | L52: 100 | M52: =COUNTIF('5. Chi tiết N46-77'!$D$35:$D$40,"Xong")&"/6" -> 0/6 | N52: =COUNTIF('5. Chi tiết N46-77'!$D$35:$D$40,"Xong")/6 -> 0
A53: 51 | B53: ='1. Hướng dẫn'!$C$5+50 -> 46316 | C53: 8 | D53: Minna | E53: Bài 16 (1/2) | F53: Nối câu bằng thể て | G53: 道、水 | H53: 彳 | I53: 3 mẫu | J53: 7 từ | K53: Nghe | L53: 100 | M53: =COUNTIF('5. Chi tiết N46-77'!$D$43:$D$48,"Xong")&"/6" -> 0/6 | N53: =COUNTIF('5. Chi tiết N46-77'!$D$43:$D$48,"Xong")/6 -> 0
A54: 52 | B54: ='1. Hướng dẫn'!$C$5+51 -> 46317 | C54: 8 | D54: Minna | E54: Bài 16 (2/2) | F54: Nối câu bằng thể て | G54: 半、男 | H54: 广 | I54: 2 mẫu | J54: 7 từ | K54: Nghe | L54: 100 | M54: =COUNTIF('5. Chi tiết N46-77'!$D$51:$D$56,"Xong")&"/6" -> 0/6 | N54: =COUNTIF('5. Chi tiết N46-77'!$D$51:$D$56,"Xong")/6 -> 0
A55: 53 | B55: ='1. Hướng dẫn'!$C$5+52 -> 46318 | C55: 8 | D55: Minna | E55: Bài 17 (1/3) | F55: Thể ない — Cấm, Bắt buộc, Không cần | G55: 西、電 | H55: 儿 | I55: 2 mẫu | J55: 5 từ | K55: Đọc | L55: 100 | M55: =COUNTIF('5. Chi tiết N46-77'!$D$59:$D$64,"Xong")&"/6" -> 0/6 | N55: =COUNTIF('5. Chi tiết N46-77'!$D$59:$D$64,"Xong")/6 -> 0
A56: 54 | B56: ='1. Hướng dẫn'!$C$5+53 -> 46319 | C56: 8 | D56: Minna | E56: Bài 17 (2/3) | F56: Thể ない — Cấm, Bắt buộc, Không cần | G56: 口、少 | H56: 十 | I56: 2 mẫu | J56: 5 từ | K56: Nghe | L56: 100 | M56: =COUNTIF('5. Chi tiết N46-77'!$D$67:$D$72,"Xong")&"/6" -> 0/6 | N56: =COUNTIF('5. Chi tiết N46-77'!$D$67:$D$72,"Xong")/6 -> 0
A57: 55 | B57: ='1. Hướng dẫn'!$C$5+54 -> 46320 | C57: 8 | D57: Minna | E57: Bài 17 (3/3) | F57: Thể ない — Cấm, Bắt buộc, Không cần | G57: 校、語 | H57: 白 | I57: 1 mẫu | J57: 4 từ | K57: Đọc | L57: 100 | M57: =COUNTIF('5. Chi tiết N46-77'!$D$75:$D$80,"Xong")&"/6" -> 0/6 | N57: =COUNTIF('5. Chi tiết N46-77'!$D$75:$D$80,"Xong")/6 -> 0
A58: 56 | B58: ='1. Hướng dẫn'!$C$5+55 -> 46321 | C58: 8 | D58: Minna | E58: Ôn bài 15–17 | F58: Ôn tập tuần 8 — Minna bài 15–17 | G58: Ôn tuần | H58: Ôn tuần | I58: 練習B・C | J58: Ôn tuần | K58: Nghe + Đọc | L58: 105 | M58: =COUNTIF('5. Chi tiết N46-77'!$D$83:$D$87,"Xong")&"/5" -> 0/5 | N58: =COUNTIF('5. Chi tiết N46-77'!$D$83:$D$87,"Xong")/5 -> 0
A59: 57 | B59: ='1. Hướng dẫn'!$C$5+56 -> 46322 | C59: 9 | D59: Minna | E59: Bài 18 (1/2) | F59: Thể từ điển & Khả năng | G59: 空、土 | H59: 立 | I59: 3 mẫu | J59: 7 từ | K59: Nghe | L59: 100 | M59: =COUNTIF('5. Chi tiết N46-77'!$D$90:$D$95,"Xong")&"/6" -> 0/6 | N59: =COUNTIF('5. Chi tiết N46-77'!$D$90:$D$95,"Xong")/6 -> 0
A60: 58 | B60: ='1. Hướng dẫn'!$C$5+57 -> 46323 | C60: 9 | D60: Minna | E60: Bài 18 (2/2) | F60: Thể từ điển & Khả năng | G60: 木、聞 | H60: 馬 | I60: 2 mẫu | J60: 7 từ | K60: Nghe | L60: 100 | M60: =COUNTIF('5. Chi tiết N46-77'!$D$98:$D$103,"Xong")&"/6" -> 0/6 | N60: =COUNTIF('5. Chi tiết N46-77'!$D$98:$D$103,"Xong")/6 -> 0
A61: 59 | B61: ='1. Hướng dẫn'!$C$5+58 -> 46324 | C61: 9 | D61: Minna | E61: Bài 19 (1/3) | F61: Thể た — Kinh nghiệm & Liệt kê | G61: 食、車 | H61: 貝 | I61: 2 mẫu | J61: 5 từ | K61: Đọc | L61: 100 | M61: =COUNTIF('5. Chi tiết N46-77'!$D$106:$D$111,"Xong")&"/6" -> 0/6 | N61: =COUNTIF('5. Chi tiết N46-77'!$D$106:$D$111,"Xong")/6 -> 0
A62: 60 | B62: ='1. Hướng dẫn'!$C$5+59 -> 46325 | C62: 9 | D62: Minna | E62: Bài 19 (2/3) | F62: Thể た — Kinh nghiệm & Liệt kê | G62: 何、南 | H62: 糸 | I62: 1 mẫu | J62: 5 từ | K62: Nghe | L62: 100 | M62: =COUNTIF('5. Chi tiết N46-77'!$D$114:$D$119,"Xong")&"/6" -> 0/6 | N62: =COUNTIF('5. Chi tiết N46-77'!$D$114:$D$119,"Xong")/6 -> 0
A63: 61 | B63: ='1. Hướng dẫn'!$C$5+60 -> 46326 | C63: 9 | D63: Minna | E63: Bài 19 (3/3) | F63: Thể た — Kinh nghiệm & Liệt kê | G63: 足、万 | H63: 米 | I63: 1 mẫu | J63: 4 từ | K63: Đọc | L63: 100 | M63: =COUNTIF('5. Chi tiết N46-77'!$D$122:$D$127,"Xong")&"/6" -> 0/6 | N63: =COUNTIF('5. Chi tiết N46-77'!$D$122:$D$127,"Xong")/6 -> 0
A64: 62 | B64: ='1. Hướng dẫn'!$C$5+61 -> 46327 | C64: 9 | D64: Minna | E64: Bài 20 (1/3) | F64: Thể thông thường (普通形) | G64: 店、毎 | H64: 生 | I64: 2 mẫu | J64: 5 từ | K64: Nghe | L64: 100 | M64: =COUNTIF('5. Chi tiết N46-77'!$D$130:$D$135,"Xong")&"/6" -> 0/6 | N64: =COUNTIF('5. Chi tiết N46-77'!$D$130:$D$135,"Xong")/6 -> 0
A65: 63 | B65: ='1. Hướng dẫn'!$C$5+62 -> 46328 | C65: 9 | D65: Minna | E65: Ôn bài 18–19 | F65: Ôn tập tuần 9 — Minna bài 18–19 | G65: Ôn tuần | H65: Ôn tuần | I65: 練習B・C | J65: Ôn tuần | K65: Nghe + Đọc | L65: 105 | M65: =COUNTIF('5. Chi tiết N46-77'!$D$138:$D$142,"Xong")&"/5" -> 0/5 | N65: =COUNTIF('5. Chi tiết N46-77'!$D$138:$D$142,"Xong")/5 -> 0
A66: 64 | B66: ='1. Hướng dẫn'!$C$5+63 -> 46329 | C66: 10 | D66: Minna | E66: Bài 20 (2/3) | F66: Thể thông thường (普通形) | G66: 白、古 | H66: 一 | I66: 1 mẫu | J66: 5 từ | K66: Nghe | L66: 100 | M66: =COUNTIF('5. Chi tiết N46-77'!$D$145:$D$150,"Xong")&"/6" -> 0/6 | N66: =COUNTIF('5. Chi tiết N46-77'!$D$145:$D$150,"Xong")/6 -> 0
A67: 65 | B67: ='1. Hướng dẫn'!$C$5+64 -> 46330 | C67: 10 | D67: Minna | E67: Bài 20 (3/3) | F67: Thể thông thường (普通形) | G67: 天、買 | H67: 亠 | I67: 1 mẫu | J67: 4 từ | K67: Đọc | L67: 100 | M67: =COUNTIF('5. Chi tiết N46-77'!$D$153:$D$158,"Xong")&"/6" -> 0/6 | N67: =COUNTIF('5. Chi tiết N46-77'!$D$153:$D$158,"Xong")/6 -> 0
A68: 66 | B68: ='1. Hướng dẫn'!$C$5+65 -> 46331 | C68: 10 | D68: Minna | E68: Bài 21 (1/2) | F68: Ý kiến — と 思います / と 言います | G68: 週、母 | H68: 尸 | I68: 2 mẫu | J68: 7 từ | K68: Nghe | L68: 100 | M68: =COUNTIF('5. Chi tiết N46-77'!$D$161:$D$166,"Xong")&"/6" -> 0/6 | N68: =COUNTIF('5. Chi tiết N46-77'!$D$161:$D$166,"Xong")/6 -> 0
A69: 67 | B69: ='1. Hướng dẫn'!$C$5+66 -> 46332 | C69: 10 | D69: Minna | E69: Bài 21 (2/2) | F69: Ý kiến — と 思います / と 言います | G69: 火、花 | H69: ôn | I69: 2 mẫu | J69: 7 từ | K69: Đọc | L69: 100 | M69: =COUNTIF('5. Chi tiết N46-77'!$D$169:$D$174,"Xong")&"/6" -> 0/6 | N69: =COUNTIF('5. Chi tiết N46-77'!$D$169:$D$174,"Xong")/6 -> 0
A70: 68 | B70: ='1. Hướng dẫn'!$C$5+67 -> 46333 | C70: 10 | D70: Minna | E70: Bài 22 (1/2) | F70: Mệnh đề bổ nghĩa danh từ | G70: 右、読 | H70: ôn | I70: 2 mẫu | J70: 7 từ | K70: Nghe | L70: 100 | M70: =COUNTIF('5. Chi tiết N46-77'!$D$177:$D$182,"Xong")&"/6" -> 0/6 | N70: =COUNTIF('5. Chi tiết N46-77'!$D$177:$D$182,"Xong")/6 -> 0
A71: 69 | B71: ='1. Hướng dẫn'!$C$5+68 -> 46334 | C71: 10 | D71: Minna | E71: Bài 22 (2/2) | F71: Mệnh đề bổ nghĩa danh từ | G71: 友、左 | H71: ôn | I71: 1 mẫu | J71: 7 từ | K71: Nghe | L71: 100 | M71: =COUNTIF('5. Chi tiết N46-77'!$D$185:$D$190,"Xong")&"/6" -> 0/6 | N71: =COUNTIF('5. Chi tiết N46-77'!$D$185:$D$190,"Xong")/6 -> 0
A72: 70 | B72: ='1. Hướng dẫn'!$C$5+69 -> 46335 | C72: 10 | D72: Minna | E72: Ôn bài 20–22 | F72: Ôn tập tuần 10 — Minna bài 20–22 | G72: Ôn tuần | H72: Ôn tuần | I72: 練習B・C | J72: Ôn tuần | K72: Nghe + Đọc | L72: 105 | M72: =COUNTIF('5. Chi tiết N46-77'!$D$193:$D$197,"Xong")&"/5" -> 0/5 | N72: =COUNTIF('5. Chi tiết N46-77'!$D$193:$D$197,"Xong")/5 -> 0
A73: 71 | B73: ='1. Hướng dẫn'!$C$5+70 -> 46336 | C73: 11 | D73: Minna | E73: Bài 23 (1/2) | F73: とき & Điều kiện と | G73: 休、父 | H73: ôn | I73: 2 mẫu | J73: 7 từ | K73: Đọc | L73: 100 | M73: =COUNTIF('5. Chi tiết N46-77'!$D$200:$D$205,"Xong")&"/6" -> 0/6 | N73: =COUNTIF('5. Chi tiết N46-77'!$D$200:$D$205,"Xong")/6 -> 0
A74: 72 | B74: ='1. Hướng dẫn'!$C$5+71 -> 46337 | C74: 11 | D74: Minna | E74: Bài 23 (2/2) | F74: とき & Điều kiện と | G74: 駅 | H74: ôn | I74: 1 mẫu | J74: 7 từ | K74: Nghe | L74: 100 | M74: =COUNTIF('5. Chi tiết N46-77'!$D$208:$D$213,"Xong")&"/6" -> 0/6 | N74: =COUNTIF('5. Chi tiết N46-77'!$D$208:$D$213,"Xong")/6 -> 0
A75: 73 | B75: ='1. Hướng dẫn'!$C$5+72 -> 46338 | C75: 11 | D75: Minna | E75: Bài 24 (1/2) | F75: Cho & Nhận nâng cao — てあげる / てもらう / てくれる | G75: 雨 | H75: ôn | I75: 2 mẫu | J75: 7 từ | K75: Đọc | L75: 100 | M75: =COUNTIF('5. Chi tiết N46-77'!$D$216:$D$221,"Xong")&"/6" -> 0/6 | N75: =COUNTIF('5. Chi tiết N46-77'!$D$216:$D$221,"Xong")/6 -> 0
A76: 74 | B76: ='1. Hướng dẫn'!$C$5+73 -> 46339 | C76: 11 | D76: Minna | E76: Bài 24 (2/2) | F76: Cho & Nhận nâng cao — てあげる / てもらう / てくれる | G76: 飲 | H76: ôn | I76: 2 mẫu | J76: 7 từ | K76: Nghe | L76: 100 | M76: =COUNTIF('5. Chi tiết N46-77'!$D$224:$D$229,"Xong")&"/6" -> 0/6 | N76: =COUNTIF('5. Chi tiết N46-77'!$D$224:$D$229,"Xong")/6 -> 0
A77: 75 | B77: ='1. Hướng dẫn'!$C$5+74 -> 46340 | C77: 11 | D77: Minna | E77: Bài 25 (1/2) | F77: Giả định — たら & ても | G77: 魚 | H77: ôn | I77: 2 mẫu | J77: 7 từ | K77: Nghe | L77: 100 | M77: =COUNTIF('5. Chi tiết N46-77'!$D$232:$D$237,"Xong")&"/6" -> 0/6 | N77: =COUNTIF('5. Chi tiết N46-77'!$D$232:$D$237,"Xong")/6 -> 0
A78: 76 | B78: ='1. Hướng dẫn'!$C$5+75 -> 46341 | C78: 11 | D78: Minna | E78: Bài 25 (2/2) | F78: Giả định — たら & ても | G78: 耳 | H78: ôn | I78: 2 mẫu | J78: 7 từ | K78: Nghe | L78: 100 | M78: =COUNTIF('5. Chi tiết N46-77'!$D$240:$D$245,"Xong")&"/6" -> 0/6 | N78: =COUNTIF('5. Chi tiết N46-77'!$D$240:$D$245,"Xong")/6 -> 0
A79: 77 | B79: ='1. Hướng dẫn'!$C$5+76 -> 46342 | C79: 11 | D79: Minna | E79: Ôn bài 23–25 | F79: Ôn tập tuần 11 — Minna bài 23–25 | G79: Ôn tuần | H79: Ôn tuần | I79: 練習B・C | J79: Ôn tuần | K79: Nghe + Đọc | L79: 105 | M79: =COUNTIF('5. Chi tiết N46-77'!$D$248:$D$252,"Xong")&"/5" -> 0/5 | N79: =COUNTIF('5. Chi tiết N46-77'!$D$248:$D$252,"Xong")/5 -> 0
A80: 78 | B80: ='1. Hướng dẫn'!$C$5+77 -> 46343 | C80: 12 | D80: Ôn thi | E80: Tổng ôn | F80: Tổng ôn Kanji vòng 1 | G80: ôn | H80: ôn | I80: ôn | J80: ôn | K80: Ôn / Thi thử | L80: 100 | M80: =COUNTIF('6. Chi tiết N78-90'!$D$4:$D$7,"Xong")&"/4" -> 0/4 | N80: =COUNTIF('6. Chi tiết N78-90'!$D$4:$D$7,"Xong")/4 -> 0
A81: 79 | B81: ='1. Hướng dẫn'!$C$5+78 -> 46344 | C81: 12 | D81: Ôn thi | E81: Tổng ôn | F81: Tổng ôn trợ từ (Minna bài 1–10) | G81: ôn | H81: ôn | I81: ôn | J81: ôn | K81: Ôn / Thi thử | L81: 100 | M81: =COUNTIF('6. Chi tiết N78-90'!$D$10:$D$13,"Xong")&"/4" -> 0/4 | N81: =COUNTIF('6. Chi tiết N78-90'!$D$10:$D$13,"Xong")/4 -> 0
A82: 80 | B82: ='1. Hướng dẫn'!$C$5+79 -> 46345 | C82: 12 | D82: Ôn thi | E82: Tổng ôn | F82: Tổng ôn tính từ & so sánh (bài 8, 12, 16) | G82: ôn | H82: ôn | I82: ôn | J82: ôn | K82: Ôn / Thi thử | L82: 100 | M82: =COUNTIF('6. Chi tiết N78-90'!$D$16:$D$19,"Xong")&"/4" -> 0/4 | N82: =COUNTIF('6. Chi tiết N78-90'!$D$16:$D$19,"Xong")/4 -> 0
A83: 81 | B83: ='1. Hướng dẫn'!$C$5+80 -> 46346 | C83: 12 | D83: Ôn thi | E83: Tổng ôn | F83: Tổng ôn chia động từ (bài 14, 17, 18, 19) | G83: ôn | H83: ôn | I83: ôn | J83: ôn | K83: Ôn / Thi thử | L83: 100 | M83: =COUNTIF('6. Chi tiết N78-90'!$D$22:$D$25,"Xong")&"/4" -> 0/4 | N83: =COUNTIF('6. Chi tiết N78-90'!$D$22:$D$25,"Xong")/4 -> 0
A84: 82 | B84: ='1. Hướng dẫn'!$C$5+81 -> 46347 | C84: 12 | D84: Ôn thi | E84: Tổng ôn | F84: Luyện dạng đề: Chữ Hán – Từ vựng | G84: ôn | H84: ôn | I84: ôn | J84: ôn | K84: Ôn / Thi thử | L84: 95 | M84: =COUNTIF('6. Chi tiết N78-90'!$D$28:$D$31,"Xong")&"/4" -> 0/4 | N84: =COUNTIF('6. Chi tiết N78-90'!$D$28:$D$31,"Xong")/4 -> 0
A85: 83 | B85: ='1. Hướng dẫn'!$C$5+82 -> 46348 | C85: 12 | D85: Ôn thi | E85: Tổng ôn | F85: Luyện dạng đề: Ngữ pháp – Đọc hiểu | G85: ôn | H85: ôn | I85: ôn | J85: ôn | K85: Ôn / Thi thử | L85: 95 | M85: =COUNTIF('6. Chi tiết N78-90'!$D$34:$D$37,"Xong")&"/4" -> 0/4 | N85: =COUNTIF('6. Chi tiết N78-90'!$D$34:$D$37,"Xong")/4 -> 0
A86: 84 | B86: ='1. Hướng dẫn'!$C$5+83 -> 46349 | C86: 12 | D86: Ôn thi | E86: Tổng ôn | F86: 🎯 ĐỀ THI THỬ SỐ 1 — full, bấm giờ | G86: ôn | H86: ôn | I86: ôn | J86: ôn | K86: Ôn / Thi thử | L86: 120 | M86: =COUNTIF('6. Chi tiết N78-90'!$D$40:$D$43,"Xong")&"/4" -> 0/4 | N86: =COUNTIF('6. Chi tiết N78-90'!$D$40:$D$43,"Xong")/4 -> 0
A87: 85 | B87: ='1. Hướng dẫn'!$C$5+84 -> 46350 | C87: 13 | D87: Ôn thi | E87: Tổng ôn | F87: Chữa đề số 1 | G87: ôn | H87: ôn | I87: ôn | J87: ôn | K87: Ôn / Thi thử | L87: 100 | M87: =COUNTIF('6. Chi tiết N78-90'!$D$46:$D$49,"Xong")&"/4" -> 0/4 | N87: =COUNTIF('6. Chi tiết N78-90'!$D$46:$D$49,"Xong")/4 -> 0
A88: 86 | B88: ='1. Hướng dẫn'!$C$5+85 -> 46351 | C88: 13 | D88: Ôn thi | E88: Tổng ôn | F88: Vá lỗ hổng phần yếu nhất | G88: ôn | H88: ôn | I88: ôn | J88: ôn | K88: Ôn / Thi thử | L88: 95 | M88: =COUNTIF('6. Chi tiết N78-90'!$D$52:$D$55,"Xong")&"/4" -> 0/4 | N88: =COUNTIF('6. Chi tiết N78-90'!$D$52:$D$55,"Xong")/4 -> 0
A89: 87 | B89: ='1. Hướng dẫn'!$C$5+86 -> 46352 | C89: 13 | D89: Ôn thi | E89: Tổng ôn | F89: Tổng duyệt trước đề 2 | G89: ôn | H89: ôn | I89: ôn | J89: ôn | K89: Ôn / Thi thử | L89: 95 | M89: =COUNTIF('6. Chi tiết N78-90'!$D$58:$D$61,"Xong")&"/4" -> 0/4 | N89: =COUNTIF('6. Chi tiết N78-90'!$D$58:$D$61,"Xong")/4 -> 0
A90: 88 | B90: ='1. Hướng dẫn'!$C$5+87 -> 46353 | C90: 13 | D90: Ôn thi | E90: Tổng ôn | F90: 🎯 ĐỀ THI THỬ SỐ 2 — full, bấm giờ | G90: ôn | H90: ôn | I90: ôn | J90: ôn | K90: Ôn / Thi thử | L90: 120 | M90: =COUNTIF('6. Chi tiết N78-90'!$D$64:$D$67,"Xong")&"/4" -> 0/4 | N90: =COUNTIF('6. Chi tiết N78-90'!$D$64:$D$67,"Xong")/4 -> 0
A91: 89 | B91: ='1. Hướng dẫn'!$C$5+88 -> 46354 | C91: 13 | D91: Ôn thi | E91: Tổng ôn | F91: Chữa đề 2 + chốt sổ tay | G91: ôn | H91: ôn | I91: ôn | J91: ôn | K91: Ôn / Thi thử | L91: 100 | M91: =COUNTIF('6. Chi tiết N78-90'!$D$70:$D$73,"Xong")&"/4" -> 0/4 | N91: =COUNTIF('6. Chi tiết N78-90'!$D$70:$D$73,"Xong")/4 -> 0
A92: 90 | B92: ='1. Hướng dẫn'!$C$5+89 -> 46355 | C92: 13 | D92: Ôn thi | E92: Tổng ôn | F92: Ngày cuối — nghỉ ngơi, giữ sức | G92: ôn | H92: ôn | I92: ôn | J92: ôn | K92: Ôn / Thi thử | L92: 60 | M92: =COUNTIF('6. Chi tiết N78-90'!$D$76:$D$79,"Xong")&"/4" -> 0/4 | N92: =COUNTIF('6. Chi tiết N78-90'!$D$76:$D$79,"Xong")/4 -> 0

Sheet 3. Chi tiết N1-14
A1: GIAI ĐOẠN 1 · NGÀY 1–14 · BẢNG CHỮ CÁI
A2: Mục | B2: Việc cần làm hôm nay | C2: Phút | D2: Trạng thái | E2: Ghi chú
A3: NGÀY 1 · Tuần 1 · Hiragana: 10 âm mới (あ → こ) 〔90 phút · 5 việc〕
A4: あ Học chữ mới | B4: Học 10 âm: あ (a) い (i) う (u) え (e) お (o) か (ka) き (ki) く (ku) け (ke) こ (ko). Xem thứ tự nét trước khi viết. Mẹo nhớ hình dáng từng chữ có ở sheet '7. Bảng chữ cái'. | C4: 25 | D4: Chưa học
A5: ✎ Viết tay | B5: Viết mỗi âm 10 lần trên giấy kẻ ô, vừa viết vừa đọc to. | C5: 25 | D5: Chưa học
A6: ? Tự kiểm tra | B6: Che romaji, nhìn chữ đọc âm. Rồi che chữ, nghe âm viết chữ. | C6: 15 | D6: Chưa học
A7: 語 Từ vựng | B7: Học 2 từ mới: おはようございます (chào buổi sáng) ・ こんにちは (xin chào) | C7: 15 | D7: Chưa học
A8: 耳 Nghe | B8: Nghe phát âm chuẩn các âm hôm nay 3 lượt, nhắc theo. | C8: 10 | D8: Chưa học
A10: NGÀY 2 · Tuần 1 · Hiragana: 9 âm mới (さ → て) 〔90 phút · 5 việc〕
A11: あ Học chữ mới | B11: Học 9 âm: さ (sa) し (shi) す (su) せ (se) そ (so) た (ta) ち (chi) つ (tsu) て (te). Xem thứ tự nét trước khi viết. Mẹo nhớ hình dáng từng chữ có ở sheet '7. Bảng chữ cái'. | C11: 25 | D11: Chưa học
A12: ✎ Viết tay | B12: Viết mỗi âm 10 lần trên giấy kẻ ô, vừa viết vừa đọc to. | C12: 25 | D12: Chưa học
A13: ? Tự kiểm tra | B13: Che romaji, nhìn chữ đọc âm. Rồi che chữ, nghe âm viết chữ. | C13: 15 | D13: Chưa học
A14: 語 Từ vựng | B14: Học 2 từ mới: こんばんは (chào buổi tối) ・ さようなら (tạm biệt) | C14: 15 | D14: Chưa học
A15: 耳 Nghe | B15: Nghe phát âm chuẩn các âm hôm nay 3 lượt, nhắc theo. | C15: 10 | D15: Chưa học
A17: NGÀY 3 · Tuần 1 · Hiragana: 9 âm mới (と → ふ) 〔90 phút · 5 việc〕
A18: あ Học chữ mới | B18: Học 9 âm: と (to) な (na) に (ni) ぬ (nu) ね (ne) の (no) は (ha) ひ (hi) ふ (fu). Xem thứ tự nét trước khi viết. Mẹo nhớ hình dáng từng chữ có ở sheet '7. Bảng chữ cái'. | C18: 25 | D18: Chưa học
A19: ✎ Viết tay | B19: Viết mỗi âm 10 lần trên giấy kẻ ô, vừa viết vừa đọc to. | C19: 25 | D19: Chưa học
A20: ? Tự kiểm tra | B20: Che romaji, nhìn chữ đọc âm. Rồi che chữ, nghe âm viết chữ. | C20: 15 | D20: Chưa học
A21: 語 Từ vựng | B21: Học 2 từ mới: ありがとうございます (cảm ơn) ・ どういたしまして (không có gì) | C21: 15 | D21: Chưa học
A22: 耳 Nghe | B22: Nghe phát âm chuẩn các âm hôm nay 3 lượt, nhắc theo. | C22: 10 | D22: Chưa học
A24: NGÀY 4 · Tuần 1 · Hiragana: 9 âm mới (へ → ゆ) 〔90 phút · 5 việc〕
A25: あ Học chữ mới | B25: Học 9 âm: へ (he) ほ (ho) ま (ma) み (mi) む (mu) め (me) も (mo) や (ya) ゆ (yu). Xem thứ tự nét trước khi viết. Mẹo nhớ hình dáng từng chữ có ở sheet '7. Bảng chữ cái'. | C25: 25 | D25: Chưa học
A26: ✎ Viết tay | B26: Viết mỗi âm 10 lần trên giấy kẻ ô, vừa viết vừa đọc to. | C26: 25 | D26: Chưa học
A27: ? Tự kiểm tra | B27: Che romaji, nhìn chữ đọc âm. Rồi che chữ, nghe âm viết chữ. | C27: 15 | D27: Chưa học
A28: 語 Từ vựng | B28: Học 2 từ mới: すみません (xin lỗi) ・ ごめんなさい (xin lỗi, thân mật) | C28: 15 | D28: Chưa học
A29: 耳 Nghe | B29: Nghe phát âm chuẩn các âm hôm nay 3 lượt, nhắc theo. | C29: 10 | D29: Chưa học
A31: NGÀY 5 · Tuần 1 · Hiragana: 9 âm mới (よ → ん) 〔90 phút · 5 việc〕
A32: あ Học chữ mới | B32: Học 9 âm: よ (yo) ら (ra) り (ri) る (ru) れ (re) ろ (ro) わ (wa) を (wo) ん (n). Xem thứ tự nét trước khi viết. Mẹo nhớ hình dáng từng chữ có ở sheet '7. Bảng chữ cái'. | C32: 25 | D32: Chưa học
A33: ✎ Viết tay | B33: Viết mỗi âm 10 lần trên giấy kẻ ô, vừa viết vừa đọc to. | C33: 25 | D33: Chưa học
A34: ? Tự kiểm tra | B34: Che romaji, nhìn chữ đọc âm. Rồi che chữ, nghe âm viết chữ. | C34: 15 | D34: Chưa học
A35: 語 Từ vựng | B35: Học 2 từ mới: はじめまして (rất vui được gặp) ・ どうぞよろしく (mong được giúp đỡ) | C35: 15 | D35: Chưa học
A36: 耳 Nghe | B36: Nghe phát âm chuẩn các âm hôm nay 3 lượt, nhắc theo. | C36: 10 | D36: Chưa học
A38: NGÀY 6 · Tuần 1 · Hiragana: âm đục, âm bán đục và âm ghép 〔90 phút · 5 việc〕
A39: ゛ Âm đục | B39: Học 25 âm đục/bán đục. Quy tắc: thêm dấu " thành âm đục (か→が), dấu ° thành bán đục (は→ぱ). Xem sheet '7. Bảng chữ cái'. | C39: 25 | D39: Chưa học
A40: ゃ Âm ghép | B40: Học 33 âm ghép. Quy tắc: chữ hàng い + や/ゆ/よ viết nhỏ (き+ゃ = きゃ). | C40: 25 | D40: Chưa học
A41: ✎ Viết tay | B41: Viết mỗi âm 5 lần, đọc to khi viết. | C41: 20 | D41: Chưa học
A42: 語 Từ vựng | B42: Học 2 từ mới: はい (vâng) ・ いいえ (không) ・ わかりました (tôi hiểu rồi) | C42: 10 | D42: Chưa học
A43: 耳 Nghe | B43: Luyện phân biệt âm trong và âm đục: か/が, た/だ, は/ば/ぱ. | C43: 10 | D43: Chưa học
A45: NGÀY 7 · Tuần 1 · Ôn tập & kiểm tra toàn bộ Hiragana 〔85 phút · 5 việc〕
A46: ? Kiểm tra | B46: Lấy giấy trắng, viết lại toàn bộ 104 âm Hiragana mà KHÔNG nhìn bảng. Đối chiếu, khoanh tròn âm sai. | C46: 25 | D46: Chưa học
A47: ✎ Sửa sai | B47: Mỗi âm viết sai: viết lại 10 lần và đọc to thành tiếng. | C47: 20 | D47: Chưa học
A48: ⏱ Tốc độ | B48: Nhìn 50 âm Hiragana ngẫu nhiên đọc to trong 3 phút. Mục tiêu dưới 1 giây/âm. | C48: 15 | D48: Chưa học
A49: 語 Từ vựng | B49: Ôn lại toàn bộ 14 từ đã học trong tuần. | C49: 15 | D49: Chưa học
A50: 耳 Nghe | B50: Nghe bảng chữ cái đọc chuẩn 1 lượt, đọc nhẩm theo. | C50: 10 | D50: Chưa học
A52: NGÀY 8 · Tuần 2 · Katakana: 10 âm mới (ア → コ) 〔90 phút · 5 việc〕
A53: あ Học chữ mới | B53: Học 10 âm: ア (a) イ (i) ウ (u) エ (e) オ (o) カ (ka) キ (ki) ク (ku) ケ (ke) コ (ko). Xem thứ tự nét trước khi viết. Mẹo nhớ hình dáng từng chữ có ở sheet '7. Bảng chữ cái'. | C53: 25 | D53: Chưa học
A54: ✎ Viết tay | B54: Viết mỗi âm 10 lần trên giấy kẻ ô, vừa viết vừa đọc to. | C54: 25 | D54: Chưa học
A55: ? Tự kiểm tra | B55: Che romaji, nhìn chữ đọc âm. Rồi che chữ, nghe âm viết chữ. | C55: 15 | D55: Chưa học
A56: 語 Từ vựng | B56: Học 2 từ mới: テレビ (ti vi) ・ ラジオ (radio) | C56: 15 | D56: Chưa học
A57: 耳 Nghe | B57: Nghe phát âm chuẩn các âm hôm nay 3 lượt, nhắc theo. | C57: 10 | D57: Chưa học
A59: NGÀY 9 · Tuần 2 · Katakana: 9 âm mới (サ → テ) 〔90 phút · 5 việc〕
A60: あ Học chữ mới | B60: Học 9 âm: サ (sa) シ (shi) ス (su) セ (se) ソ (so) タ (ta) チ (chi) ツ (tsu) テ (te). Xem thứ tự nét trước khi viết. Mẹo nhớ hình dáng từng chữ có ở sheet '7. Bảng chữ cái'. | C60: 25 | D60: Chưa học
A61: ✎ Viết tay | B61: Viết mỗi âm 10 lần trên giấy kẻ ô, vừa viết vừa đọc to. | C61: 25 | D61: Chưa học
A62: ? Tự kiểm tra | B62: Che romaji, nhìn chữ đọc âm. Rồi che chữ, nghe âm viết chữ. | C62: 15 | D62: Chưa học
A63: 語 Từ vựng | B63: Học 2 từ mới: パン (bánh mì) ・ コーヒー (cà phê) | C63: 15 | D63: Chưa học
A64: 耳 Nghe | B64: Nghe phát âm chuẩn các âm hôm nay 3 lượt, nhắc theo. | C64: 10 | D64: Chưa học
A66: NGÀY 10 · Tuần 2 · Katakana: 9 âm mới (ト → フ) 〔90 phút · 5 việc〕
A67: あ Học chữ mới | B67: Học 9 âm: ト (to) ナ (na) ニ (ni) ヌ (nu) ネ (ne) ノ (no) ハ (ha) ヒ (hi) フ (fu). Xem thứ tự nét trước khi viết. Mẹo nhớ hình dáng từng chữ có ở sheet '7. Bảng chữ cái'. | C67: 25 | D67: Chưa học
A68: ✎ Viết tay | B68: Viết mỗi âm 10 lần trên giấy kẻ ô, vừa viết vừa đọc to. | C68: 25 | D68: Chưa học
A69: ? Tự kiểm tra | B69: Che romaji, nhìn chữ đọc âm. Rồi che chữ, nghe âm viết chữ. | C69: 15 | D69: Chưa học
A70: 語 Từ vựng | B70: Học 2 từ mới: タクシー (taxi) ・ バス (xe buýt) | C70: 15 | D70: Chưa học
A71: 耳 Nghe | B71: Nghe phát âm chuẩn các âm hôm nay 3 lượt, nhắc theo. | C71: 10 | D71: Chưa học
A73: NGÀY 11 · Tuần 2 · Katakana: 9 âm mới (ヘ → ユ) 〔90 phút · 5 việc〕
A74: あ Học chữ mới | B74: Học 9 âm: ヘ (he) ホ (ho) マ (ma) ミ (mi) ム (mu) メ (me) モ (mo) ヤ (ya) ユ (yu). Xem thứ tự nét trước khi viết. Mẹo nhớ hình dáng từng chữ có ở sheet '7. Bảng chữ cái'. | C74: 25 | D74: Chưa học
A75: ✎ Viết tay | B75: Viết mỗi âm 10 lần trên giấy kẻ ô, vừa viết vừa đọc to. | C75: 25 | D75: Chưa học
A76: ? Tự kiểm tra | B76: Che romaji, nhìn chữ đọc âm. Rồi che chữ, nghe âm viết chữ. | C76: 15 | D76: Chưa học
A77: 語 Từ vựng | B77: Học 2 từ mới: ノート (vở) ・ ペン (bút) | C77: 15 | D77: Chưa học
A78: 耳 Nghe | B78: Nghe phát âm chuẩn các âm hôm nay 3 lượt, nhắc theo. | C78: 10 | D78: Chưa học
A80: NGÀY 12 · Tuần 2 · Katakana: 9 âm mới (ヨ → ン) 〔90 phút · 5 việc〕
A81: あ Học chữ mới | B81: Học 9 âm: ヨ (yo) ラ (ra) リ (ri) ル (ru) レ (re) ロ (ro) ワ (wa) ヲ (wo) ン (n). Xem thứ tự nét trước khi viết. Mẹo nhớ hình dáng từng chữ có ở sheet '7. Bảng chữ cái'. | C81: 25 | D81: Chưa học
A82: ✎ Viết tay | B82: Viết mỗi âm 10 lần trên giấy kẻ ô, vừa viết vừa đọc to. | C82: 25 | D82: Chưa học
A83: ? Tự kiểm tra | B83: Che romaji, nhìn chữ đọc âm. Rồi che chữ, nghe âm viết chữ. | C83: 15 | D83: Chưa học
A84: 語 Từ vựng | B84: Học 2 từ mới: カメラ (máy ảnh) ・ パソコン (máy tính) | C84: 15 | D84: Chưa học
A85: 耳 Nghe | B85: Nghe phát âm chuẩn các âm hôm nay 3 lượt, nhắc theo. | C85: 10 | D85: Chưa học
A87: NGÀY 13 · Tuần 2 · Katakana: âm đục, âm bán đục và âm ghép 〔90 phút · 5 việc〕
A88: ゛ Âm đục | B88: Học 25 âm đục/bán đục. Quy tắc: thêm dấu " thành âm đục (か→が), dấu ° thành bán đục (は→ぱ). Xem sheet '7. Bảng chữ cái'. | C88: 25 | D88: Chưa học
A89: ゃ Âm ghép | B89: Học 33 âm ghép. Quy tắc: chữ hàng い + や/ゆ/よ viết nhỏ (き+ゃ = きゃ). | C89: 25 | D89: Chưa học
A90: ✎ Viết tay | B90: Viết mỗi âm 5 lần, đọc to khi viết. | C90: 20 | D90: Chưa học
A91: 語 Từ vựng | B91: Học 2 từ mới: レストラン (nhà hàng) ・ コンビニ (cửa hàng tiện lợi) | C91: 10 | D91: Chưa học
A92: 耳 Nghe | B92: Luyện phân biệt âm trong và âm đục: か/が, た/だ, は/ば/ぱ. | C92: 10 | D92: Chưa học
A94: NGÀY 14 · Tuần 2 · Ôn tập & kiểm tra toàn bộ Katakana 〔85 phút · 5 việc〕
A95: ? Kiểm tra | B95: Lấy giấy trắng, viết lại toàn bộ 104 âm Katakana mà KHÔNG nhìn bảng. Đối chiếu, khoanh tròn âm sai. | C95: 25 | D95: Chưa học
A96: ✎ Sửa sai | B96: Mỗi âm viết sai: viết lại 10 lần và đọc to thành tiếng. | C96: 20 | D96: Chưa học
A97: ⏱ Tốc độ | B97: Nhìn 50 âm Katakana ngẫu nhiên đọc to trong 3 phút. Mục tiêu dưới 1 giây/âm. | C97: 15 | D97: Chưa học
A98: 語 Từ vựng | B98: Ôn lại toàn bộ 14 từ đã học trong tuần. | C98: 15 | D98: Chưa học
A99: 耳 Nghe | B99: Nghe bảng chữ cái đọc chuẩn 1 lượt, đọc nhẩm theo. | C99: 10 | D99: Chưa học

Sheet 4. Chi tiết N15-45
A1: GIAI ĐOẠN 2A · NGÀY 15–45 · MINNA BÀI 1–13
A2: Mục | B2: Việc cần làm hôm nay | C2: Phút | D2: Trạng thái | E2: Ghi chú
A3: NGÀY 15 · Tuần 3 · Minna Bài 1 (1/2) · Chào hỏi & Giới thiệu bản thân 〔100 phút · 6 việc〕
A4: ◐ Khởi động | B4: Ôn nhanh nội dung hôm qua: đọc lại Kanji và mẫu ngữ pháp cũ, không nhìn đáp án. | C4: 5 | D4: Chưa học
A5: 部 Bộ thủ | B5: Bộ 人 / 亻 (ひと / にんべん) = Người Mẹo nhớ: 亻 đứng bên trái = dáng người đứng nghiêng Kanji chứa bộ này: 人・休・何・今 | C5: 10 | D5: Chưa học
A6: 漢 Kanji | B6: Học 2 chữ. Mỗi chữ viết tay 10 lần đúng thứ tự nét. • 日 [NHẬT] Ngày, mặt trời — On: ニチ・ジツ / Kun: ひ・か (4 nét) Từ ghép: 日本 (にほん) Nhật Bản ・ 今日 (きょう) hôm nay ・ 毎日 (まいにち) hằng ngày Mẹo: Ô vuông có một gạch ở giữa = mặt trời có chấm đen. Mặt trời mọc một lần → một NGÀY. • 一 [NHẤT] Một — On: イチ・イツ / Kun: ひと(つ) (1 nét) Từ ghép: 一つ (ひとつ) một cái ・ 一人 (ひとり) một người ・ 一月 (いちがつ) tháng Một Mẹo: Một nét ngang = số 1. Dễ nhất trong 103 chữ, nhưng chú ý 一人 đọc bất quy tắc là ひとり. | C6: 20 | D6: Chưa học
A7: 文 Ngữ pháp | B7: Minna bài 1 (1/2) — Chào hỏi & Giới thiệu bản thân • N1 は N2 です (N1 là N2. は đọc là 'wa' khi làm trợ từ chủ đề.) Ví dụ: わたしは グエンです。 = Tôi là Nguyễn. • N1 は N2 じゃ ありません (N1 không phải là N2. Văn viết dùng では ありません.) Ví dụ: わたしは 学生じゃ ありません。 = Tôi không phải là học sinh. • N1 は N2 ですか (N1 có phải là N2 không? Thêm か cuối câu là thành câu hỏi.) Ví dụ: ミラーさんは アメリカ人ですか。 = Anh Miller là người Mỹ phải không? → Làm 練習A của bài 1 trong sách, mỗi mẫu tự đặt 3 câu. | C7: 25 | D7: Chưa học
A8: 語 Từ vựng | B8: Từ mới Minna bài 1: • わたし（私） = Tôi Mẹo: Kanji 私 = 禾 (lúa) + ム (riêng) → phần lúa riêng của mình = TÔI. • あなた = Bạn, anh/chị Mẹo: A-NA-TA nghe gần như 'anh ta' — người đối diện mình. • せんせい（先生） = Giáo viên Mẹo: Âm Hán Việt TIÊN SINH = người sinh ra trước, đi trước ta → thầy cô. • がくせい（学生） = Học sinh, sinh viên Mẹo: HỌC SINH — 学 (học) + 生 (sinh). Đọc thẳng âm Hán Việt là ra. • かいしゃいん（会社員） = Nhân viên công ty Mẹo: HỘI XÃ VIÊN = 会 (hội) + 社 (xã) + 員 (viên). • いしゃ（医者） = Bác sĩ Mẹo: Y GIẢ = người làm nghề y. 者 (giả) = người, gặp lại ở 学者, 記者. • ぎんこういん（銀行員） = Nhân viên ngân hàng Mẹo: NGÂN HÀNH VIÊN. 銀行 = ngân hàng, thêm 員 thành người làm ở đó. → Đối chiếu thêm với mục 語彙 của bài 1 trong sách để bổ sung. | C8: 20 | D8: Chưa học
A9: 耳 Nghe | B9: Mở CD Minna no Nihongo bài đang học, phần 会話. Nghe 3 lượt: lượt 1 chỉ nghe, lượt 2 nhìn script, lượt 3 nghe và nhắc theo. | C9: 20 | D9: Chưa học
A11: NGÀY 16 · Tuần 3 · Minna Bài 1 (2/2) · Chào hỏi & Giới thiệu bản thân 〔100 phút · 6 việc〕
A12: ◐ Khởi động | B12: Ôn nhanh nội dung hôm qua: đọc lại Kanji và mẫu ngữ pháp cũ, không nhìn đáp án. | C12: 5 | D12: Chưa học
A13: 部 Bộ thủ | B13: Bộ 口 (くち) = Miệng, cái lỗ Mẹo nhớ: Ô vuông nhỏ = cái miệng đang mở Kanji chứa bộ này: 口・名・右・古 | C13: 10 | D13: Chưa học
A14: 漢 Kanji | B14: Học 2 chữ. Mỗi chữ viết tay 10 lần đúng thứ tự nét. • 国 [QUỐC] Đất nước — On: コク / Kun: くに (8 nét) Từ ghép: 外国 (がいこく) nước ngoài ・ 国語 (こくご) quốc ngữ ・ 中国 (ちゅうごく) Trung Quốc Mẹo: Bộ 囗 (vòng vây, biên giới) bao lấy 玉 (ngọc quý) = lãnh thổ có biên giới bảo vệ báu vật → QUỐC GIA. • 会 [HỘI] Gặp gỡ, hội họp — On: カイ / Kun: あ(う) (6 nét) Từ ghép: 会社 (かいしゃ) công ty ・ 会います (あいます) gặp ・ 会話 (かいわ) hội thoại Mẹo: Mái nhà 人 che bên trên, nhiều người tụ lại bên dưới = cuộc HỘI HỌP. | C14: 20 | D14: Chưa học
A15: 文 Ngữ pháp | B15: Minna bài 1 (2/2) — Chào hỏi & Giới thiệu bản thân • N も (N cũng. Thay thế vị trí của は.) Ví dụ: わたしも ベトナム人です。 = Tôi cũng là người Việt Nam. • N1 の N2 (N2 thuộc về / của N1.) Ví dụ: わたしは ABCの 社員です。 = Tôi là nhân viên của công ty ABC. → Làm 練習A của bài 1 trong sách, mỗi mẫu tự đặt 3 câu. | C15: 25 | D15: Chưa học
A16: 語 Từ vựng | B16: Từ mới Minna bài 1: • だいがく（大学） = Đại học Mẹo: ĐẠI HỌC — chuẩn âm Hán Việt, không cần mẹo gì thêm. • なまえ（名前） = Tên Mẹo: DANH TIỀN = cái danh đặt phía trước. Nhớ 名 (danh) + 前 (tiền/trước). • だれ / どなた = Ai (どなた lịch sự hơn) Mẹo: DA-RE: 'Đá rê' bóng cho AI? どなた dùng khi hỏi người trên. • 〜さん = Hậu tố lịch sự sau tên người Mẹo: Không bao giờ dùng さん cho chính mình. • 〜じん（〜人） = Người nước ~ Mẹo: ベトナム人 = người Việt. 人 đọc じん khi đứng sau tên nước. • はじめまして = Rất hân hạnh được gặp Mẹo: Chỉ nói MỘT LẦN duy nhất khi gặp lần đầu. • どうぞ よろしく = Mong được giúp đỡ Mẹo: Câu chốt sau khi giới thiệu tên. Lịch sự hơn: よろしく おねがいします。 → Đối chiếu thêm với mục 語彙 của bài 1 trong sách để bổ sung. | C16: 20 | D16: Chưa học
A17: 耳 Nghe | B17: Shadowing 15 phút: bật lại 会話 hôm qua, nói đuổi theo băng, không nhìn script. | C17: 20 | D17: Chưa học
A19: NGÀY 17 · Tuần 3 · Minna Bài 2 (1/2) · これ・それ・あれ — Chỉ đồ vật 〔100 phút · 6 việc〕
A20: ◐ Khởi động | B20: Ôn nhanh nội dung hôm qua: đọc lại Kanji và mẫu ngữ pháp cũ, không nhìn đáp án. | C20: 5 | D20: Chưa học
A21: 部 Bộ thủ | B21: Bộ 日 (ひ / にちへん) = Mặt trời, ngày Mẹo nhớ: Ô vuông có gạch giữa = mặt trời Kanji chứa bộ này: 日・時・明・早 | C21: 10 | D21: Chưa học
A22: 漢 Kanji | B22: Học 2 chữ. Mỗi chữ viết tay 10 lần đúng thứ tự nét. • 人 [NHÂN] Người — On: ジン・ニン / Kun: ひと (2 nét) Từ ghép: 日本人 (にほんじん) người Nhật ・ 一人 (ひとり) một người ・ 人口 (じんこう) dân số Mẹo: Hai nét như hai chân đang bước = dáng NGƯỜI đi. Đuôi 〜人 gắn tên nước = người nước đó. • 年 [NIÊN] Năm — On: ネン / Kun: とし (6 nét) Từ ghép: 今年 (ことし) năm nay ・ 去年 (きょねん) năm ngoái ・ 一年 (いちねん) một năm Mẹo: Hình cây lúa trĩu hạt. Lúa chín một vụ = trôi qua một NĂM. | C22: 20 | D22: Chưa học
A23: 文 Ngữ pháp | B23: Minna bài 2 (1/2) — これ・それ・あれ — Chỉ đồ vật • これ / それ / あれ (Cái này (gần tôi) / cái đó (gần bạn) / cái kia (xa cả hai). Đứng một mình như danh từ.) Ví dụ: これは 本です。 = Cái này là quyển sách. • この N / その N / あの N (N này / N đó / N kia. Bắt buộc phải có danh từ đi sau.) Ví dụ: この 本は わたしのです。 = Quyển sách này là của tôi. • そうです / そうじゃ ありません (Đúng vậy / Không phải vậy. Dùng trả lời câu hỏi có–không.) Ví dụ: はい、そうです。 = Vâng, đúng vậy. → Làm 練習A của bài 2 trong sách, mỗi mẫu tự đặt 3 câu. | C23: 25 | D23: Chưa học
A24: 語 Từ vựng | B24: Từ mới Minna bài 2: • ほん（本） = Sách Mẹo: 本 = gốc cây (木 thêm vạch ở rễ) → gốc tri thức → SÁCH. • じしょ（辞書） = Từ điển Mẹo: TỪ THƯ = sách chứa từ. 書 (thư) = viết/sách. • ざっし（雑誌） = Tạp chí Mẹo: TẠP CHÍ — âm Hán Việt gần như y hệt tiếng Việt. • しんぶん（新聞） = Báo Mẹo: TÂN VĂN = tin mới nghe được. 新 (mới) + 聞 (nghe). • てちょう（手帳） = Sổ tay Mẹo: THỦ TRƯỚNG = cuốn sổ cầm trên TAY (手). • めいし（名刺） = Danh thiếp Mẹo: DANH THÍCH = tấm ghi tên. 名 (danh) đã học ở 名前. • かぎ（鍵） = Chìa khóa Mẹo: KA-GI: 'cà ghi' — cắm chìa vào ổ nghe 'cạch'. → Đối chiếu thêm với mục 語彙 của bài 2 trong sách để bổ sung. | C24: 20 | D24: Chưa học
A25: 読 Đọc | B25: Làm phần 読み物 hoặc 練習C của bài đang học. Đọc to thành tiếng ít nhất 1 lượt. | C25: 20 | D25: Chưa học
A27: NGÀY 18 · Tuần 3 · Minna Bài 2 (2/2) · これ・それ・あれ — Chỉ đồ vật 〔100 phút · 6 việc〕
A28: ◐ Khởi động | B28: Ôn nhanh nội dung hôm qua: đọc lại Kanji và mẫu ngữ pháp cũ, không nhìn đáp án. | C28: 5 | D28: Chưa học
A29: 部 Bộ thủ | B29: Bộ 月 (つき / にくづき) = Mặt trăng, tháng, thân thể Mẹo nhớ: Trăng khuyết; khi chỉ cơ thể đọc là にくづき Kanji chứa bộ này: 月・前・服 | C29: 10 | D29: Chưa học
A30: 漢 Kanji | B30: Học 2 chữ. Mỗi chữ viết tay 10 lần đúng thứ tự nét. • 大 [ĐẠI] To, lớn — On: ダイ・タイ / Kun: おお(きい) (3 nét) Từ ghép: 大学 (だいがく) đại học ・ 大きい (おおきい) to ・ 大人 (おとな) người lớn Mẹo: Người 人 dang rộng hai tay ra hết cỡ để khoe 'to bằng này!' → TO LỚN. • 十 [THẬP] Mười — On: ジュウ / Kun: とお (2 nét) Từ ghép: 十日 (とおか) ngày 10 ・ 二十歳 (はたち) 20 tuổi ・ 十分 (じゅっぷん) 10 phút Mẹo: Dấu cộng = đủ mười ngón tay của hai bàn tay chắp ngang dọc. | C30: 20 | D30: Chưa học
A31: 文 Ngữ pháp | B31: Minna bài 2 (2/2) — これ・それ・あれ — Chỉ đồ vật • N1 の N2 (chất liệu, chủ đề) (N2 làm bằng / nói về N1.) Ví dụ: これは 日本語の 本です。 = Đây là sách tiếng Nhật. • 〜は 〜ですか、〜ですか (Câu hỏi lựa chọn: A hay B?) Ví dụ: これは ペンですか、えんぴつですか。 = Cái này là bút bi hay bút chì? → Làm 練習A của bài 2 trong sách, mỗi mẫu tự đặt 3 câu. | C31: 25 | D31: Chưa học
A32: 語 Từ vựng | B32: Từ mới Minna bài 2: • とけい（時計） = Đồng hồ Mẹo: THỜI KẾ = dụng cụ đo thời gian. 時 (thời) vừa học. • かさ（傘） = Ô, dù Mẹo: Kanji 傘 nhìn đúng như cái ô đang xòe ra có nan. • かばん = Cặp, túi xách Mẹo: KA-BAN nghe như 'cà bần' — cái túi đeo lủng lẳng. • テレビ = Ti vi Mẹo: Từ 'television'. Katakana rút gọn tiếng Anh. • ラジオ = Radio Mẹo: Đọc thẳng từ 'radio'. • えんぴつ（鉛筆） = Bút chì Mẹo: DIÊN BÚT = bút bằng chì. 筆 (bút) là bộ 竹 (tre) + 聿. • ボールペン = Bút bi Mẹo: 'Ball pen' — bút có viên bi ở đầu. → Đối chiếu thêm với mục 語彙 của bài 2 trong sách để bổ sung. | C32: 20 | D32: Chưa học
A33: 耳 Nghe | B33: Làm 聴解 (phần nghe) trong sách bài tập Minna 標準問題集 của bài đang học. | C33: 20 | D33: Chưa học
A35: NGÀY 19 · Tuần 3 · Minna Bài 3 (1/2) · ここ・そこ・あそこ — Chỉ nơi chốn 〔100 phút · 6 việc〕
A36: ◐ Khởi động | B36: Ôn nhanh nội dung hôm qua: đọc lại Kanji và mẫu ngữ pháp cũ, không nhìn đáp án. | C36: 5 | D36: Chưa học
A37: 部 Bộ thủ | B37: Bộ 木 (き / きへん) = Cây, gỗ Mẹo nhớ: Thân cây có cành và rễ Kanji chứa bộ này: 木・本・校・東 | C37: 10 | D37: Chưa học
A38: 漢 Kanji | B38: Học 2 chữ. Mỗi chữ viết tay 10 lần đúng thứ tự nét. • 二 [NHỊ] Hai — On: ニ / Kun: ふた(つ) (2 nét) Từ ghép: 二つ (ふたつ) hai cái ・ 二人 (ふたり) hai người ・ 二月 (にがつ) tháng Hai Mẹo: Hai nét ngang = số 2. Nét trên ngắn, nét dưới dài — viết ngược là sai. • 本 [BẢN / BỔN] Sách, gốc, quyển — On: ホン / Kun: もと (5 nét) Từ ghép: 本 (ほん) sách ・ 日本 (にほん) Nhật Bản ・ 本屋 (ほんや) hiệu sách Mẹo: Chữ 木 (cây) thêm một gạch ở gốc rễ = GỐC của cây. Gốc → nguồn gốc → sách (nguồn tri thức). | C38: 20 | D38: Chưa học
A39: 文 Ngữ pháp | B39: Minna bài 3 (1/2) — ここ・そこ・あそこ — Chỉ nơi chốn • ここ / そこ / あそこ (Chỗ này / chỗ đó / chỗ kia.) Ví dụ: ここは 教室です。 = Đây là phòng học. • こちら / そちら / あちら (Phía này / phía đó / phía kia. Lịch sự hơn, cũng dùng chỉ người.) Ví dụ: こちらは 田中さんです。 = Đây là anh Tanaka. • N は 場所 です (N ở chỗ nào đó.) Ví dụ: 電話は 2階です。 = Điện thoại ở tầng 2. → Làm 練習A của bài 3 trong sách, mỗi mẫu tự đặt 3 câu. | C39: 25 | D39: Chưa học
A40: 語 Từ vựng | B40: Từ mới Minna bài 3: • きょうしつ（教室） = Phòng học Mẹo: GIÁO THẤT = phòng để dạy. 室 (thất) = phòng, gặp lại ở 事務室. • しょくどう（食堂） = Nhà ăn, căng tin Mẹo: THỰC ĐƯỜNG = nơi để ăn. 食 (thực) = ăn. • じむしょ（事務所） = Văn phòng Mẹo: SỰ VỤ SỞ = nơi xử lý công việc. • かいぎしつ（会議室） = Phòng họp Mẹo: HỘI NGHỊ THẤT = phòng hội nghị. • うけつけ（受付） = Quầy lễ tân Mẹo: THỤ PHÓ = nơi TIẾP NHẬN (受 = nhận) khách. • トイレ / おてあらい（お手洗い） = Nhà vệ sinh Mẹo: お手洗い = 'chỗ RỬA TAY' (手 tay + 洗 rửa) — cách nói lịch sự. • かいだん（階段） = Cầu thang Mẹo: GIAI ĐOẠN = từng bậc từng bậc. 階 (giai) = tầng. → Đối chiếu thêm với mục 語彙 của bài 3 trong sách để bổ sung. | C40: 20 | D40: Chưa học
A41: 読 Đọc | B41: Vào NHK News Web Easy đọc 1 bài. Gạch chân từ mới, chép 3 câu vào sổ. | C41: 20 | D41: Chưa học
A43: NGÀY 20 · Tuần 3 · Minna Bài 3 (2/2) · ここ・そこ・あそこ — Chỉ nơi chốn 〔100 phút · 6 việc〕
A44: ◐ Khởi động | B44: Ôn nhanh nội dung hôm qua: đọc lại Kanji và mẫu ngữ pháp cũ, không nhìn đáp án. | C44: 5 | D44: Chưa học
A45: 部 Bộ thủ | B45: Bộ 水 / 氵 (みず / さんずい) = Nước, chất lỏng Mẹo nhớ: 氵 ba giọt nước bên trái Kanji chứa bộ này: 水・海・池・酒 | C45: 10 | D45: Chưa học
A46: 漢 Kanji | B46: Học 2 chữ. Mỗi chữ viết tay 10 lần đúng thứ tự nét. • 中 [TRUNG] Ở giữa, bên trong — On: チュウ / Kun: なか (4 nét) Từ ghép: 中国 (ちゅうごく) Trung Quốc ・ 中 (なか) bên trong ・ 一日中 (いちにちじゅう) suốt cả ngày Mẹo: Một mũi tên xuyên đúng TÂM của ô vuông = ở GIỮA. • 長 [TRƯỜNG / TRƯỞNG] Dài, người đứng đầu — On: チョウ / Kun: なが(い) (8 nét) Từ ghép: 長い (ながい) dài ・ 社長 (しゃちょう) giám đốc ・ 校長 (こうちょう) hiệu trưởng Mẹo: Hình một ông cụ tóc DÀI chống gậy. Tóc dài → sống lâu → bậc TRƯỞNG bối. | C46: 20 | D46: Chưa học
A47: 文 Ngữ pháp | B47: Minna bài 3 (2/2) — ここ・そこ・あそこ — Chỉ nơi chốn • N は どこですか (N ở đâu?) Ví dụ: トイレは どこですか。 = Nhà vệ sinh ở đâu ạ? • いくらですか (Bao nhiêu tiền?) Ví dụ: この かばんは いくらですか。 = Cái túi này bao nhiêu tiền? → Làm 練習A của bài 3 trong sách, mỗi mẫu tự đặt 3 câu. | C47: 25 | D47: Chưa học
A48: 語 Từ vựng | B48: Từ mới Minna bài 3: • エレベーター = Thang máy Mẹo: 'Elevator'. Chú ý trường âm ー ở giữa. • くに（国） = Đất nước Mẹo: QUỐC — 囗 (biên giới) bao 玉 (ngọc) = lãnh thổ giữ báu vật. • かいしゃ（会社） = Công ty Mẹo: HỘI XÃ. Đảo ngược thành 社会 (xã hội) là một từ khác — đừng nhầm. • うち（家） = Nhà (của mình) Mẹo: U-CHI: 'ú chi' — về nhà mới thấy ấm. Kanji 家 = 宀 (mái) + 豕 (con lợn). • えん（円） = Yên (tiền Nhật) Mẹo: VIÊN = tròn, vì đồng xu hình tròn. • いくら = Bao nhiêu tiền Mẹo: Chỉ dùng hỏi GIÁ. Hỏi số lượng thì dùng いくつ. • 〜がい / 〜かい（〜階） = Tầng ~ Mẹo: 1階 いっかい, 3階 さんがい — chú ý biến âm. → Đối chiếu thêm với mục 語彙 của bài 3 trong sách để bổ sung. | C48: 20 | D48: Chưa học
A49: 耳 Nghe | B49: Xem 15 phút Erin's Challenge hoặc Nihongo no Mori N5, bật phụ đề tiếng Nhật. | C49: 20 | D49: Chưa học
A51: NGÀY 21 · Tuần 3 · Minna Ôn bài 1–3 · Ôn tập tuần 3 — Minna bài 1–3 〔105 phút · 5 việc〕
A52: 漢 Kanji | B52: Viết lại toàn bộ Kanji đã học trong tuần: che nghĩa → đọc chữ, che chữ → viết lại. Lọc sheet '9. Kanji 103' theo cột Ngày học để biết chính xác chữ nào. | C52: 25 | D52: Chưa học
A53: 部 Bộ thủ | B53: Ôn 6 bộ thủ của tuần: nhìn bộ nói nghĩa, kể 1 Kanji chứa bộ đó. | C53: 10 | D53: Chưa học
A54: 文 Ngữ pháp | B54: Làm phần 練習B và 練習C trong Minna bài 1–3. Sau đó tự đặt 5 câu mới. | C54: 25 | D54: Chưa học
A55: 語 Từ vựng | B55: Kiểm tra lại toàn bộ từ vựng Minna bài 1–3. Từ nào quên đánh dấu 'Đang học'. | C55: 20 | D55: Chưa học
A56: 耳読 Nghe + Đọc | B56: Làm phần 問題 (nghe + đọc) cuối mỗi bài trong Minna bài 1–3. Ghi lỗi sai vào cột Ghi chú. | C56: 25 | D56: Chưa học
A58: NGÀY 22 · Tuần 4 · Minna Bài 4 (1/2) · Giờ giấc & Thì của động từ 〔100 phút · 6 việc〕
A59: ◐ Khởi động | B59: Ôn nhanh nội dung hôm qua: đọc lại Kanji và mẫu ngữ pháp cũ, không nhìn đáp án. | C59: 5 | D59: Chưa học
A60: 部 Bộ thủ | B60: Bộ 火 / 灬 (ひ / れんが) = Lửa, nhiệt Mẹo nhớ: 灬 bốn chấm dưới = ngọn lửa cháy Kanji chứa bộ này: 火・点・無・焼 | C60: 10 | D60: Chưa học
A61: 漢 Kanji | B61: Học 2 chữ. Mỗi chữ viết tay 10 lần đúng thứ tự nét. • 出 [XUẤT] Ra, đi ra — On: シュツ / Kun: で(る)・だ(す) (5 nét) Từ ghép: 出ます (でます) ra ・ 出口 (でぐち) lối ra ・ 出発 (しゅっぱつ) xuất phát Mẹo: Hai chữ 山 chồng lên nhau = mầm cây chui RA khỏi núi đất. Đối lập với 入 (vào). • 三 [TAM] Ba — On: サン / Kun: みっ(つ) (3 nét) Từ ghép: 三つ (みっつ) ba cái ・ 三月 (さんがつ) tháng Ba ・ 三時 (さんじ) ba giờ Mẹo: Ba nét ngang = số 3. Nét giữa ngắn nhất. | C61: 20 | D61: Chưa học
A62: 文 Ngữ pháp | B62: Minna bài 4 (1/2) — Giờ giấc & Thì của động từ • 今 〜時 〜分です (Bây giờ là ~ giờ ~ phút.) Ví dụ: 今 4時5分です。 = Bây giờ là 4 giờ 5 phút. • V ます / V ません (Thể lịch sự hiện tại–tương lai, khẳng định và phủ định.) Ví dụ: わたしは 毎日 6時に 起きます。 = Tôi thức dậy lúc 6 giờ mỗi ngày. • V ました / V ませんでした (Thể lịch sự quá khứ, khẳng định và phủ định.) Ví dụ: きのう 勉強しませんでした。 = Hôm qua tôi đã không học bài. → Làm 練習A của bài 4 trong sách, mỗi mẫu tự đặt 3 câu. | C62: 25 | D62: Chưa học
A63: 語 Từ vựng | B63: Từ mới Minna bài 4: • おきます（起きます） = Thức dậy Mẹo: 起 = 走 (chạy) + 己 → bật dậy chạy đi. O-KI: 'ô kìa, dậy đi!' • ねます（寝ます） = Đi ngủ Mẹo: 寝 có bộ 宀 (mái nhà) → chui vào nhà nằm NGỦ. • はたらきます（働きます） = Làm việc Mẹo: 働 = 亻 (người) + 動 (động) → người chuyển động = LÀM VIỆC. • やすみます（休みます） = Nghỉ ngơi Mẹo: 休 = 亻 (người) tựa 木 (cây) → dựa gốc cây NGHỈ. • べんきょうします（勉強します） = Học bài Mẹo: MIỄN CƯỠNG — học là phải ép mình một chút, nhớ luôn. • おわります（終わります） = Kết thúc Mẹo: 終 có bộ 糸 (sợi chỉ) → sợi chỉ đến đầu mút = HẾT. • あさ（朝） = Buổi sáng Mẹo: 朝 có 日 (mặt trời) và 月 (trăng) → lúc trăng lặn mặt trời mọc. → Đối chiếu thêm với mục 語彙 của bài 4 trong sách để bổ sung. | C63: 20 | D63: Chưa học
A64: 耳 Nghe | B64: Shadowing 15 phút: bật lại 会話 hôm qua, nói đuổi theo băng, không nhìn script. | C64: 20 | D64: Chưa học
A66: NGÀY 23 · Tuần 4 · Minna Bài 4 (2/2) · Giờ giấc & Thì của động từ 〔100 phút · 6 việc〕
A67: ◐ Khởi động | B67: Ôn nhanh nội dung hôm qua: đọc lại Kanji và mẫu ngữ pháp cũ, không nhìn đáp án. | C67: 5 | D67: Chưa học
A68: 部 Bộ thủ | B68: Bộ 土 (つち / つちへん) = Đất, nơi chốn Mẹo nhớ: Chữ thập trên nền đất Kanji chứa bộ này: 土・地・場・在 | C68: 10 | D68: Chưa học
A69: 漢 Kanji | B69: Học 2 chữ. Mỗi chữ viết tay 10 lần đúng thứ tự nét. • 時 [THỜI] Giờ, thời gian — On: ジ / Kun: とき (10 nét) Từ ghép: 時間 (じかん) thời gian ・ 何時 (なんじ) mấy giờ ・ 時々 (ときどき) thỉnh thoảng Mẹo: 日 (mặt trời) + 寺 (ngôi chùa). Ngày xưa xem bóng mặt trời trên sân chùa để biết GIỜ. • 行 [HÀNH] Đi — On: コウ・ギョウ / Kun: い(く)・おこな(う) (6 nét) Từ ghép: 行きます (いきます) đi ・ 銀行 (ぎんこう) ngân hàng ・ 旅行 (りょこう) du lịch Mẹo: Hình ngã tư đường. Đứng ở ngã tư thì phải chọn hướng ĐI. | C69: 20 | D69: Chưa học
A70: 文 Ngữ pháp | B70: Minna bài 4 (2/2) — Giờ giấc & Thì của động từ • 時間 に V (Làm gì vào lúc mấy giờ. に chỉ đi với mốc thời gian có con số.) Ví dụ: 7時に 起きます。 = Tôi dậy lúc 7 giờ. • N1 から N2 まで (Từ N1 đến N2 (thời gian hoặc nơi chốn).) Ví dụ: 9時から 5時まで 働きます。 = Tôi làm việc từ 9 giờ đến 5 giờ. • N1 と N2 (N1 và N2. Chỉ nối danh từ, không nối câu.) Ví dụ: 月曜日と 火曜日 = Thứ Hai và thứ Ba. → Làm 練習A của bài 4 trong sách, mỗi mẫu tự đặt 3 câu. | C70: 25 | D70: Chưa học
A71: 語 Từ vựng | B71: Từ mới Minna bài 4: • ひる（昼） = Buổi trưa Mẹo: 昼 có 日 (mặt trời) nằm giữa → mặt trời lên đỉnh. • ばん / よる（晩 / 夜） = Buổi tối / ban đêm Mẹo: 晩ごはん = bữa tối. 夜 nhấn mạnh khoảng thời gian ban đêm. • まいにち（毎日） = Hằng ngày Mẹo: MỖI NHẬT = mỗi ngày. Cùng nhóm: 毎朝, 毎晩, 毎年. • 〜じ（〜時） = ~ giờ Mẹo: 4時 よじ, 7時 しちじ, 9時 くじ — ba giờ đọc bất quy tắc. • 〜ふん / 〜ぷん（〜分） = ~ phút Mẹo: 1分 いっぷん, 3分 さんぷん, 4分 よんぷん — luyện đọc to nhiều lần. • ぎんこう（銀行） = Ngân hàng Mẹo: NGÂN HÀNH = 銀 (bạc) + 行 (đi lại) → nơi bạc luân chuyển. • ゆうびんきょく（郵便局） = Bưu điện Mẹo: BƯU TIỆN CỤC — âm Hán Việt gần hệt tiếng Việt 'bưu cục'. → Đối chiếu thêm với mục 語彙 của bài 4 trong sách để bổ sung. | C71: 20 | D71: Chưa học
A72: 読 Đọc | B72: Làm phần 読み物 hoặc 練習C của bài đang học. Đọc to thành tiếng ít nhất 1 lượt. | C72: 20 | D72: Chưa học
A74: NGÀY 24 · Tuần 4 · Minna Bài 5 (1/2) · Đi lại — Phương tiện & Điểm đến 〔100 phút · 6 việc〕
A75: ◐ Khởi động | B75: Ôn nhanh nội dung hôm qua: đọc lại Kanji và mẫu ngữ pháp cũ, không nhìn đáp án. | C75: 5 | D75: Chưa học
A76: 部 Bộ thủ | B76: Bộ 金 (かね / かねへん) = Kim loại, tiền Mẹo nhớ: Mái nhà che kho báu chôn dưới đất Kanji chứa bộ này: 金・銀・鉄・鏡 | C76: 10 | D76: Chưa học
A77: 漢 Kanji | B77: Học 2 chữ. Mỗi chữ viết tay 10 lần đúng thứ tự nét. • 社 [XÃ] Công ty, đền thờ — On: シャ / Kun: やしろ (7 nét) Từ ghép: 会社 (かいしゃ) công ty ・ 社員 (しゃいん) nhân viên ・ 神社 (じんじゃ) đền thần Mẹo: Bộ 礻 (thần linh) + 土 (đất). Nơi thờ thần đất = cộng đồng tụ họp → XÃ hội, công ty. • 見 [KIẾN] Nhìn, xem — On: ケン / Kun: み(る) (7 nét) Từ ghép: 見ます (みます) xem ・ 見物 (けんぶつ) tham quan ・ 意見 (いけん) ý kiến Mẹo: 目 (con mắt) đặt trên 儿 (đôi chân) = con mắt biết đi khắp nơi để NHÌN. | C77: 20 | D77: Chưa học
A78: 文 Ngữ pháp | B78: Minna bài 5 (1/2) — Đi lại — Phương tiện & Điểm đến • 場所 へ 行きます / 来ます / 帰ります (Đi / đến / về nơi nào đó. へ đọc là 'e'.) Ví dụ: あした 東京へ 行きます。 = Ngày mai tôi đi Tokyo. • どこ[へ]も 行きません (Không đi đâu cả. も thay chỗ trợ từ để phủ định toàn bộ.) Ví dụ: どこも 行きませんでした。 = Tôi đã chẳng đi đâu cả. • 乗り物 で 行きます (Đi bằng phương tiện gì. Riêng 'đi bộ' là 歩いて, không dùng で.) Ví dụ: 電車で 会社へ 行きます。 = Tôi đi làm bằng tàu điện. → Làm 練習A của bài 5 trong sách, mỗi mẫu tự đặt 3 câu. | C78: 25 | D78: Chưa học
A79: 語 Từ vựng | B79: Từ mới Minna bài 5: • いきます（行きます） = Đi Mẹo: 行 là hình ngã tư đường → đứng ngã tư phải chọn hướng ĐI. • きます（来ます） = Đến Mẹo: 来 hình cây lúa chín → mùa gặt ĐẾN. Chia bất quy tắc: 来ない → こない. • かえります（帰ります） = Về Mẹo: 帰 có bộ 巾 (khăn) → xách khăn gói VỀ nhà. • でんしゃ（電車） = Tàu điện Mẹo: ĐIỆN XA = xe chạy bằng điện. • ちかてつ（地下鉄） = Tàu điện ngầm Mẹo: ĐỊA HẠ THIẾT = đường sắt dưới lòng đất. • しんかんせん（新幹線） = Tàu Shinkansen Mẹo: TÂN CÁN TUYẾN = tuyến đường trục mới. • ひこうき（飛行機） = Máy bay Mẹo: PHI HÀNH CƠ = máy bay bay đi. 機 (cơ) = máy móc. → Đối chiếu thêm với mục 語彙 của bài 5 trong sách để bổ sung. | C79: 20 | D79: Chưa học
A80: 耳 Nghe | B80: Làm 聴解 (phần nghe) trong sách bài tập Minna 標準問題集 của bài đang học. | C80: 20 | D80: Chưa học
A82: NGÀY 25 · Tuần 4 · Minna Bài 5 (2/2) · Đi lại — Phương tiện & Điểm đến 〔100 phút · 6 việc〕
A83: ◐ Khởi động | B83: Ôn nhanh nội dung hôm qua: đọc lại Kanji và mẫu ngữ pháp cũ, không nhìn đáp án. | C83: 5 | D83: Chưa học
A84: 部 Bộ thủ | B84: Bộ 女 (おんな / おんなへん) = Phụ nữ, nữ giới Mẹo nhớ: Dáng người phụ nữ đang quỳ Kanji chứa bộ này: 女・安・好・姉 | C84: 10 | D84: Chưa học
A85: 漢 Kanji | B85: Học 2 chữ. Mỗi chữ viết tay 10 lần đúng thứ tự nét. • 月 [NGUYỆT] Tháng, mặt trăng — On: ゲツ・ガツ / Kun: つき (4 nét) Từ ghép: 月曜日 (げつようび) thứ Hai ・ 一月 (いちがつ) tháng Một ・ 今月 (こんげつ) tháng này Mẹo: Hình mặt TRĂNG khuyết. Trăng tròn một chu kỳ = một THÁNG. • 分 [PHÂN] Phút, phần, hiểu — On: ブン・フン・プン / Kun: わ(かる)・わ(ける) (4 nét) Từ ghép: 五分 (ごふん) 5 phút ・ 分かります (わかります) hiểu ・ 半分 (はんぶん) một nửa Mẹo: 八 (chia ra) + 刀 (con dao) = lấy dao CHIA nhỏ. Chia giờ ra → PHÚT; chia vấn đề ra → HIỂU. | C85: 20 | D85: Chưa học
A86: 文 Ngữ pháp | B86: Minna bài 5 (2/2) — Đi lại — Phương tiện & Điểm đến • 人 と V (Làm gì cùng với ai. Một mình thì nói 一人で.) Ví dụ: 友だちと 日本へ 来ました。 = Tôi đã đến Nhật cùng với bạn. • いつ V ますか (Khi nào thì làm gì? いつ không đi kèm trợ từ に.) Ví dụ: いつ 日本へ 来ましたか。 = Bạn đến Nhật khi nào? → Làm 練習A của bài 5 trong sách, mỗi mẫu tự đặt 3 câu. | C86: 25 | D86: Chưa học
A87: 語 Từ vựng | B87: Từ mới Minna bài 5: • じてんしゃ（自転車） = Xe đạp Mẹo: TỰ CHUYỂN XA = xe tự quay bánh. Nhớ kèm 自動車 (ô tô). • あるいて（歩いて） = Đi bộ Mẹo: 歩 có bộ 止 (bàn chân) → dùng chân mà đi. KHÔNG dùng で với 歩いて. • ひと（人） = Người Mẹo: Hai nét như hai chân đang bước. • ともだち（友だち） = Bạn bè Mẹo: 友 = hai bàn tay nắm nhau → tình BẠN. • せんげつ（先月） = Tháng trước Mẹo: 先 (TIÊN = trước) + 月 (tháng). Cùng nhóm: 先週, 先年. • らいしゅう（来週） = Tuần sau Mẹo: 来 (LAI = đến, sắp tới) + 週 (tuần). Cùng nhóm: 来月, 来年. • たんじょうび（誕生日） = Sinh nhật Mẹo: ĐẢN SINH NHẬT = ngày được sinh ra. → Đối chiếu thêm với mục 語彙 của bài 5 trong sách để bổ sung. | C87: 20 | D87: Chưa học
A88: 読 Đọc | B88: Vào NHK News Web Easy đọc 1 bài. Gạch chân từ mới, chép 3 câu vào sổ. | C88: 20 | D88: Chưa học
A90: NGÀY 26 · Tuần 4 · Minna Bài 6 (1/2) · Tân ngữ を & Rủ rê 〔100 phút · 6 việc〕
A91: ◐ Khởi động | B91: Ôn nhanh nội dung hôm qua: đọc lại Kanji và mẫu ngữ pháp cũ, không nhìn đáp án. | C91: 5 | D91: Chưa học
A92: 部 Bộ thủ | B92: Bộ 子 (こ / こへん) = Con, trẻ nhỏ Mẹo nhớ: Em bé quấn tã dang tay Kanji chứa bộ này: 子・学・字・孫 | C92: 10 | D92: Chưa học
A93: 漢 Kanji | B93: Học 2 chữ. Mỗi chữ viết tay 10 lần đúng thứ tự nét. • 後 [HẬU] Sau, phía sau — On: ゴ・コウ / Kun: あと・うし(ろ) (9 nét) Từ ghép: 午後 (ごご) buổi chiều ・ 後ろ (うしろ) phía sau ・ 最後 (さいご) cuối cùng Mẹo: Bộ 彳 (bước đi) + phần dưới là sợi dây buộc chân = bước chậm nên bị tụt lại phía SAU. • 前 [TIỀN] Trước, phía trước — On: ゼン / Kun: まえ (9 nét) Từ ghép: 午前 (ごぜん) buổi sáng ・ 前 (まえ) phía trước ・ 名前 (なまえ) tên Mẹo: Có bộ 月 (thân thể) và 刀 (dao) — cắt móng chân cho gọn để bước TỚI TRƯỚC. | C93: 20 | D93: Chưa học
A94: 文 Ngữ pháp | B94: Minna bài 6 (1/2) — Tân ngữ を & Rủ rê • N を V (を là trợ từ đánh dấu tân ngữ — vật chịu tác động của động từ.) Ví dụ: ごはんを 食べます。 = Tôi ăn cơm. • N を します (Làm gì đó / chơi môn gì đó.) Ví dụ: サッカーを します。 = Tôi chơi bóng đá. • 場所 で V (Làm gì TẠI nơi nào. で chỉ nơi diễn ra hành động.) Ví dụ: 図書館で 本を 読みます。 = Tôi đọc sách ở thư viện. → Làm 練習A của bài 6 trong sách, mỗi mẫu tự đặt 3 câu. | C94: 25 | D94: Chưa học
A95: 語 Từ vựng | B95: Từ mới Minna bài 6: • たべます（食べます） = Ăn Mẹo: 食 = mái che trên mâm cơm đầy. • のみます（飲みます） = Uống Mẹo: 飲 = 食 (ăn) + 欠 (há miệng) → ngửa cổ UỐNG. • すいます（吸います） = Hút (thuốc) Mẹo: 吸 có bộ 口 (miệng) → dùng miệng HÚT vào. • みます（見ます） = Xem, nhìn Mẹo: 見 = 目 (mắt) trên 儿 (chân) → mắt biết đi khắp nơi. • ききます（聞きます） = Nghe, hỏi Mẹo: 聞 = 耳 (tai) áp vào 門 (cửa) → nghe lén. • よみます（読みます） = Đọc Mẹo: 読 = 言 (nói) + 売 (bán) → đọc to lời rao hàng. • かきます（書きます） = Viết, vẽ Mẹo: 書 = tay cầm bút viết lên tờ giấy 日. → Đối chiếu thêm với mục 語彙 của bài 6 trong sách để bổ sung. | C95: 20 | D95: Chưa học
A96: 耳 Nghe | B96: Xem 15 phút Erin's Challenge hoặc Nihongo no Mori N5, bật phụ đề tiếng Nhật. | C96: 20 | D96: Chưa học
A98: NGÀY 27 · Tuần 4 · Minna Bài 6 (2/2) · Tân ngữ を & Rủ rê 〔100 phút · 6 việc〕
A99: ◐ Khởi động | B99: Ôn nhanh nội dung hôm qua: đọc lại Kanji và mẫu ngữ pháp cũ, không nhìn đáp án. | C99: 5 | D99: Chưa học
A100: 部 Bộ thủ | B100: Bộ 心 / 忄 (こころ / りっしんべん) = Trái tim, cảm xúc Mẹo nhớ: 忄 là trái tim dựng đứng bên trái Kanji chứa bộ này: 心・思・急・忙 | C100: 10 | D100: Chưa học
A101: 漢 Kanji | B101: Học 2 chữ. Mỗi chữ viết tay 10 lần đúng thứ tự nét. • 生 [SINH] Sinh, sống, tươi — On: セイ・ショウ / Kun: い(きる)・う(まれる)・なま (5 nét) Từ ghép: 学生 (がくせい) học sinh ・ 先生 (せんせい) giáo viên ・ 生ビール bia tươi Mẹo: Mầm cây nhú lên khỏi vạch đất = SỰ SỐNG bắt đầu. • 五 [NGŨ] Năm (5) — On: ゴ / Kun: いつ(つ) (4 nét) Từ ghép: 五つ (いつつ) năm cái ・ 五月 (ごがつ) tháng Năm ・ 五時 (ごじ) năm giờ Mẹo: Hai vạch trời-đất kẹp một hình chữ Z ở giữa. Nhớ: NGŨ có hình như số 5 viết vội. | C101: 20 | D101: Chưa học
A102: 文 Ngữ pháp | B102: Minna bài 6 (2/2) — Tân ngữ を & Rủ rê • いっしょに V ませんか (Cùng làm ~ nhé? Lời mời lịch sự, dễ từ chối.) Ví dụ: いっしょに 昼ごはんを 食べませんか。 = Cùng ăn trưa nhé? • V ましょう (Nào cùng làm ~. Mạnh hơn ませんか, đã thống nhất rồi.) Ví dụ: ちょっと 休みましょう。 = Nghỉ một chút nào. → Làm 練習A của bài 6 trong sách, mỗi mẫu tự đặt 3 câu. | C102: 25 | D102: Chưa học
A103: 語 Từ vựng | B103: Từ mới Minna bài 6: • かいます（買います） = Mua Mẹo: 買 = lưới 罒 chụp lên 貝 (tiền vỏ sò) → gom tiền MUA. • します = Làm Mẹo: Động từ bất quy tắc. Ghép sau danh từ: 勉強します, 電話します. • あいます（会います） = Gặp Mẹo: 会 = mái nhà che nhiều người tụ lại. Đi với trợ từ に: 友だちに 会います。 • ごはん（ご飯） = Cơm Mẹo: 飯 (PHẠN) có bộ 食 → thứ để ăn. 朝ご飯 / 昼ご飯 / 晩ご飯. • たまご（卵） = Trứng Mẹo: TA-MA-GO: 'ta mà gô' — quả trứng tròn gô. Kanji 卵 giống hai quả trứng có chấm. • にく（肉） = Thịt Mẹo: NHỤC = thịt. Kanji 肉 giống miếng thịt có vân mỡ bên trong. • さかな（魚） = Cá Mẹo: Kanji 魚: đầu, thân vảy, bốn chấm là đuôi xòe. → Đối chiếu thêm với mục 語彙 của bài 6 trong sách để bổ sung. | C103: 20 | D103: Chưa học
A104: 耳 Nghe | B104: Mở CD Minna no Nihongo bài đang học, phần 会話. Nghe 3 lượt: lượt 1 chỉ nghe, lượt 2 nhìn script, lượt 3 nghe và nhắc theo. | C104: 20 | D104: Chưa học
A106: NGÀY 28 · Tuần 4 · Minna Ôn bài 4–6 · Ôn tập tuần 4 — Minna bài 4–6 〔105 phút · 5 việc〕
A107: 漢 Kanji | B107: Viết lại toàn bộ Kanji đã học trong tuần: che nghĩa → đọc chữ, che chữ → viết lại. Lọc sheet '9. Kanji 103' theo cột Ngày học để biết chính xác chữ nào. | C107: 25 | D107: Chưa học
A108: 部 Bộ thủ | B108: Ôn 6 bộ thủ của tuần: nhìn bộ nói nghĩa, kể 1 Kanji chứa bộ đó. | C108: 10 | D108: Chưa học
A109: 文 Ngữ pháp | B109: Làm phần 練習B và 練習C trong Minna bài 4–6. Sau đó tự đặt 5 câu mới. | C109: 25 | D109: Chưa học
A110: 語 Từ vựng | B110: Kiểm tra lại toàn bộ từ vựng Minna bài 4–6. Từ nào quên đánh dấu 'Đang học'. | C110: 20 | D110: Chưa học
A111: 耳読 Nghe + Đọc | B111: Làm phần 問題 (nghe + đọc) cuối mỗi bài trong Minna bài 4–6. Ghi lỗi sai vào cột Ghi chú. | C111: 25 | D111: Chưa học
A113: NGÀY 29 · Tuần 5 · Minna Bài 7 (1/2) · Cho & Nhận, Công cụ で 〔100 phút · 6 việc〕
A114: ◐ Khởi động | B114: Ôn nhanh nội dung hôm qua: đọc lại Kanji và mẫu ngữ pháp cũ, không nhìn đáp án. | C114: 5 | D114: Chưa học
...

Sheet 5. Chi tiết N46-77
A1: GIAI ĐOẠN 2B · NGÀY 46–77 · MINNA BÀI 14–25
A2: Mục | B2: Việc cần làm hôm nay | C2: Phút | D2: Trạng thái | E2: Ghi chú
A3: NGÀY 46 · Tuần 7 · Minna Bài 14 (2/3) · Thể て & Yêu cầu 〔100 phút · 6 việc〕
A4: ◐ Khởi động | B4: Ôn nhanh nội dung hôm qua: đọc lại Kanji và mẫu ngữ pháp cũ, không nhìn đáp án. | C4: 5 | D4: Chưa học
A5: 部 Bộ thủ | B5: Bộ 小 (しょう) = Nhỏ, ít Mẹo nhớ: Ba chấm bé xíu Kanji chứa bộ này: 小・少 | C5: 10 | D5: Chưa học
A6: 漢 Kanji | B6: Học 2 chữ. Mỗi chữ viết tay 10 lần đúng thứ tự nét. • 北 [BẮC] Hướng bắc — On: ホク / Kun: きた (5 nét) Từ ghép: 北 (きた) hướng bắc ・ 北海道 (ほっかいどう) Hokkaido ・ 東北 (とうほく) vùng Tohoku Mẹo: Hai người quay lưng vào nhau vì trời BẮC quá lạnh, phải dựa lưng sưởi ấm. • 午 [NGỌ] Giữa trưa — On: ゴ / Kun: — (4 nét) Từ ghép: 午前 (ごぜん) buổi sáng ・ 午後 (ごご) buổi chiều ・ 正午 (しょうご) chính ngọ Mẹo: Giống chữ 牛 (con bò) nhưng thiếu một nét. Giờ NGỌ trong 12 con giáp = 11–13h. | C6: 20 | D6: Chưa học
A7: 文 Ngữ pháp | B7: Minna bài 14 (2/3) — Thể て & Yêu cầu • V て います (Đang làm ~ (hành động đang diễn ra).) Ví dụ: 今 雨が 降って います。 = Bây giờ trời đang mưa. → Làm 練習A của bài 14 trong sách, mỗi mẫu tự đặt 3 câu. | C7: 25 | D7: Chưa học
A8: 語 Từ vựng | B8: Từ mới Minna bài 14: • まちます（待ちます） = Đợi Mẹo: 待 có bộ 彳 (bước đi) + 寺 (chùa) → đứng ở chùa mà ĐỢI. • とめます（止めます） = Dừng, đỗ (xe) Mẹo: 止 nhìn như bàn chân đứng yên → DỪNG. • まがります（曲がります） = Rẽ Mẹo: 曲 nhìn như con đường uốn cong → RẼ. • もちます（持ちます） = Cầm, mang Mẹo: 持 có 扌 (tay) → dùng tay CẦM. • てつだいます（手伝います） = Giúp đỡ Mẹo: THỦ TRUYỀN = đưa tay ra giúp. → Đối chiếu thêm với mục 語彙 của bài 14 trong sách để bổ sung. | C8: 20 | D8: Chưa học
A9: 耳 Nghe | B9: Shadowing 15 phút: bật lại 会話 hôm qua, nói đuổi theo băng, không nhìn script. | C9: 20 | D9: Chưa học
A11: NGÀY 47 · Tuần 7 · Minna Bài 14 (3/3) · Thể て & Yêu cầu 〔100 phút · 6 việc〕
A12: ◐ Khởi động | B12: Ôn nhanh nội dung hôm qua: đọc lại Kanji và mẫu ngữ pháp cũ, không nhìn đáp án. | C12: 5 | D12: Chưa học
A13: 部 Bộ thủ | B13: Bộ 宀 (うかんむり) = Mái nhà, nơi ở Mẹo nhớ: Nóc nhà úp lên trên chữ Kanji chứa bộ này: 安・家・室・宿 | C13: 10 | D13: Chưa học
A14: 漢 Kanji | B14: Học 2 chữ. Mỗi chữ viết tay 10 lần đúng thứ tự nét. • 百 [BÁCH] Trăm — On: ヒャク / Kun: — (6 nét) Từ ghép: 百 (ひゃく) một trăm ・ 三百 (さんびゃく) ba trăm ・ 八百屋 (やおや) hàng rau Mẹo: Số 一 (một) đặt trên 白 (trắng) = một trang giấy trắng ghi đủ 100 gạch. • 書 [THƯ] Viết — On: ショ / Kun: か(く) (10 nét) Từ ghép: 書きます (かきます) viết ・ 辞書 (じしょ) từ điển ・ 図書館 (としょかん) thư viện Mẹo: Phần trên là bàn tay cầm bút, phần dưới là 日 (tờ giấy) = tay cầm bút VIẾT lên giấy. | C14: 20 | D14: Chưa học
A15: 文 Ngữ pháp | B15: Minna bài 14 (3/3) — Thể て & Yêu cầu • V ましょうか (Để tôi ~ nhé? Đề nghị giúp đỡ.) Ví dụ: 荷物を 持ちましょうか。 = Để tôi xách hành lý cho nhé? → Làm 練習A của bài 14 trong sách, mỗi mẫu tự đặt 3 câu. | C15: 25 | D15: Chưa học
A16: 語 Từ vựng | B16: Từ mới Minna bài 14: • よびます（呼びます） = Gọi (người) Mẹo: 呼 có 口 (miệng) → dùng miệng GỌI. • みせます（見せます） = Cho xem Mẹo: 見 (nhìn) → làm cho người khác nhìn = CHO XEM. • ゆっくり = Từ từ, thong thả Mẹo: ゆっくり 話して ください = xin nói chậm lại. • すぐ = Ngay lập tức Mẹo: すぐ 行きます = tôi đi ngay đây. → Đối chiếu thêm với mục 語彙 của bài 14 trong sách để bổ sung. | C16: 20 | D16: Chưa học
A17: 読 Đọc | B17: Làm phần 読み物 hoặc 練習C của bài đang học. Đọc to thành tiếng ít nhất 1 lượt. | C17: 20 | D17: Chưa học
A19: NGÀY 48 · Tuần 7 · Minna Bài 15 (1/2) · Cho phép & Cấm đoán 〔100 phút · 6 việc〕
A20: ◐ Khởi động | B20: Ôn nhanh nội dung hôm qua: đọc lại Kanji và mẫu ngữ pháp cũ, không nhìn đáp án. | C20: 5 | D20: Chưa học
A21: 部 Bộ thủ | B21: Bộ 艹 (くさかんむり) = Cỏ, thực vật Mẹo nhớ: Hai chồi cỏ mọc trên đầu chữ Kanji chứa bộ này: 花・茶・草・薬 | C21: 10 | D21: Chưa học
A22: 漢 Kanji | B22: Học 2 chữ. Mỗi chữ viết tay 10 lần đúng thứ tự nét. • 先 [TIÊN] Trước, đi đầu — On: セン / Kun: さき (6 nét) Từ ghép: 先生 (せんせい) giáo viên ・ 先月 (せんげつ) tháng trước ・ 先 (さき) phía trước Mẹo: 先生 = TIÊN SINH = người SINH RA TRƯỚC, đi trước ta → thầy cô. Nhớ theo âm Hán Việt là chắc nhất. • 名 [DANH] Tên, nổi tiếng — On: メイ / Kun: な (6 nét) Từ ghép: 名前 (なまえ) tên ・ 有名 (ゆうめい) nổi tiếng ・ 名刺 (めいし) danh thiếp Mẹo: 夕 (chiều tối) + 口 (miệng) = trời tối không nhìn rõ mặt, phải xưng TÊN bằng miệng. | C22: 20 | D22: Chưa học
A23: 文 Ngữ pháp | B23: Minna bài 15 (1/2) — Cho phép & Cấm đoán • V て も いいです (Được phép làm ~.) Ví dụ: 写真を 撮っても いいですか。 = Tôi chụp ảnh có được không? • V て は いけません (Không được làm ~ (cấm đoán).) Ví dụ: ここで たばこを 吸っては いけません。 = Không được hút thuốc ở đây. → Làm 練習A của bài 15 trong sách, mỗi mẫu tự đặt 3 câu. | C23: 25 | D23: Chưa học
A24: 語 Từ vựng | B24: Từ mới Minna bài 15: • すみます（住みます） = Sống, cư trú Mẹo: 住 = 亻 (người) + 主 (chủ) → người làm chủ chỗ ở. Luôn dùng thể 住んで います. • つかいます（使います） = Dùng, sử dụng Mẹo: 使 = 亻 (người) + 吏 → sai người làm việc → SỬ DỤNG. • しります（知ります） = Biết Mẹo: 知 = 矢 (mũi tên) + 口 → lời nói bắn thẳng như tên = BIẾT rõ. • つくります（作ります） = Làm, chế tạo Mẹo: 作 = 亻 (người) + 乍 → người tạo ra vật. • うります（売ります） = Bán Mẹo: 売 nhìn giống 買 lộn ngược nghĩa. 売り buôn — 買い mua. • しっています（知っています） = Biết Mẹo: Phủ định là 知りません, KHÔNG phải 知っていません. Đây là bẫy đề thi. • けんきゅうしゃ（研究者） = Nhà nghiên cứu Mẹo: NGHIÊN CỨU GIẢ. 者 (giả) = người, đã gặp ở 医者. → Đối chiếu thêm với mục 語彙 của bài 15 trong sách để bổ sung. | C24: 20 | D24: Chưa học
A25: 耳 Nghe | B25: Làm 聴解 (phần nghe) trong sách bài tập Minna 標準問題集 của bài đang học. | C25: 20 | D25: Chưa học
A27: NGÀY 49 · Tuần 7 · Minna Ôn bài 13–14 · Ôn tập tuần 7 — Minna bài 13–14 〔105 phút · 5 việc〕
A28: 漢 Kanji | B28: Viết lại toàn bộ Kanji đã học trong tuần: che nghĩa → đọc chữ, che chữ → viết lại. Lọc sheet '9. Kanji 103' theo cột Ngày học để biết chính xác chữ nào. | C28: 25 | D28: Chưa học
A29: 部 Bộ thủ | B29: Ôn 6 bộ thủ của tuần: nhìn bộ nói nghĩa, kể 1 Kanji chứa bộ đó. | C29: 10 | D29: Chưa học
A30: 文 Ngữ pháp | B30: Làm phần 練習B và 練習C trong Minna bài 13–14. Sau đó tự đặt 5 câu mới. | C30: 25 | D30: Chưa học
A31: 語 Từ vựng | B31: Kiểm tra lại toàn bộ từ vựng Minna bài 13–14. Từ nào quên đánh dấu 'Đang học'. | C31: 20 | D31: Chưa học
A32: 耳読 Nghe + Đọc | B32: Làm phần 問題 (nghe + đọc) cuối mỗi bài trong Minna bài 13–14. Ghi lỗi sai vào cột Ghi chú. | C32: 25 | D32: Chưa học
A34: NGÀY 50 · Tuần 8 · Minna Bài 15 (2/2) · Cho phép & Cấm đoán 〔100 phút · 6 việc〕
A35: ◐ Khởi động | B35: Ôn nhanh nội dung hôm qua: đọc lại Kanji và mẫu ngữ pháp cũ, không nhìn đáp án. | C35: 5 | D35: Chưa học
A36: 部 Bộ thủ | B36: Bộ 辶 (しんにょう) = Di chuyển, đường đi Mẹo nhớ: Ngã tư và bàn chân bước — bao bên trái và dưới Kanji chứa bộ này: 道・週・近・通 | C36: 10 | D36: Chưa học
A37: 漢 Kanji | B37: Học 2 chữ. Mỗi chữ viết tay 10 lần đúng thứ tự nét. • 川 [XUYÊN] Sông — On: セン / Kun: かわ (3 nét) Từ ghép: 川 (かわ) sông ・ 川口 (かわぐち) cửa sông ・ 小川 (おがわ) suối nhỏ Mẹo: Ba đường nước chảy song song = dòng SÔNG nhìn từ trên cao. • 千 [THIÊN] Nghìn — On: セン / Kun: ち (3 nét) Từ ghép: 千 (せん) một nghìn ・ 千円 (せんえん) 1000 yên ・ 三千 (さんぜん) ba nghìn Mẹo: Chữ 十 (mười) có thêm một nét phẩy trên đầu = mười nhân lên nhiều lần → NGHÌN. | C37: 20 | D37: Chưa học
A38: 文 Ngữ pháp | B38: Minna bài 15 (2/2) — Cho phép & Cấm đoán • V て います (trạng thái) (Diễn tả trạng thái kéo dài, nghề nghiệp, thói quen.) Ví dụ: わたしは 銀行で 働いて います。 = Tôi đang làm việc tại ngân hàng. • 〜を 知って います / 知りません (Biết / không biết. Chú ý: phủ định KHÔNG phải 知って いません.) Ví dụ: 田中さんの 電話番号を 知って いますか。 = Bạn có biết số điện thoại của anh Tanaka không? → Làm 練習A của bài 15 trong sách, mỗi mẫu tự đặt 3 câu. | C38: 25 | D38: Chưa học
A39: 語 Từ vựng | B39: Từ mới Minna bài 15: • こうこう（高校） = Trường cấp 3 Mẹo: CAO HIỆU = trường bậc cao. Rút gọn từ 高等学校. • びょういん（病院） = Bệnh viện Mẹo: BỆNH VIỆN — âm Hán Việt y hệt tiếng Việt. • かぞく（家族） = Gia đình Mẹo: GIA TỘC = người trong nhà. • どくしん（独身） = Độc thân Mẹo: ĐỘC THÂN — âm Hán Việt y hệt. • しゃしん（写真） = Ảnh Mẹo: TẢ CHÂN = ghi lại sự thật. 写真を 撮ります = chụp ảnh. • でんわばんごう（電話番号） = Số điện thoại Mẹo: ĐIỆN THOẠI PHIÊN HIỆU. 番号 (phiên hiệu) = con số thứ tự. • たばこ = Thuốc lá Mẹo: たばこを 吸います — dùng 吸います (hút vào) chứ không dùng 飲みます. → Đối chiếu thêm với mục 語彙 của bài 15 trong sách để bổ sung. | C39: 20 | D39: Chưa học
A40: 耳 Nghe | B40: Xem 15 phút Erin's Challenge hoặc Nihongo no Mori N5, bật phụ đề tiếng Nhật. | C40: 20 | D40: Chưa học
A42: NGÀY 51 · Tuần 8 · Minna Bài 16 (1/2) · Nối câu bằng thể て 〔100 phút · 6 việc〕
A43: ◐ Khởi động | B43: Ôn nhanh nội dung hôm qua: đọc lại Kanji và mẫu ngữ pháp cũ, không nhìn đáp án. | C43: 5 | D43: Chưa học
A44: 部 Bộ thủ | B44: Bộ 彳 (ぎょうにんべん) = Bước đi, hành trình Mẹo nhớ: Ngã ba đường thu nhỏ bên trái Kanji chứa bộ này: 後・待・役 | C44: 10 | D44: Chưa học
A45: 漢 Kanji | B45: Học 2 chữ. Mỗi chữ viết tay 10 lần đúng thứ tự nét. • 道 [ĐẠO] Đường, con đường — On: ドウ / Kun: みち (12 nét) Từ ghép: 道 (みち) con đường ・ 北海道 (ほっかいどう) Hokkaido ・ 柔道 (じゅうどう) judo Mẹo: Bộ 辶 (di chuyển) + 首 (cái đầu) = ngẩng đầu bước đi trên con ĐƯỜNG. • 水 [THỦY] Nước — On: スイ / Kun: みず (4 nét) Từ ghép: 水 (みず) nước ・ 水曜日 (すいようび) thứ Tư ・ 水道 (すいどう) đường ống nước Mẹo: Dòng nước chảy với các tia bắn ra hai bên. | C45: 20 | D45: Chưa học
A46: 文 Ngữ pháp | B46: Minna bài 16 (1/2) — Nối câu bằng thể て • V1 て、V2 て、V3 (Làm V1 rồi V2 rồi V3 — nối các hành động theo trình tự thời gian.) Ví dụ: 朝 起きて、シャワーを 浴びて、会社へ 行きます。 = Sáng dậy, tắm rồi đi làm. • V1 て から、V2 (Sau khi làm V1 thì làm V2. Nhấn mạnh thứ tự.) Ví dụ: 宿題を してから、遊びます。 = Sau khi làm bài tập xong thì tôi chơi. • N は N が Adj です (Chủ đề N có đặc điểm gì đó. Câu hai tầng chủ ngữ.) Ví dụ: 東京は 人が 多いです。 = Tokyo thì đông người. → Làm 練習A của bài 16 trong sách, mỗi mẫu tự đặt 3 câu. | C46: 25 | D46: Chưa học
A47: 語 Từ vựng | B47: Từ mới Minna bài 16: • あびます（浴びます） = Tắm (vòi sen) Mẹo: シャワーを 浴びます. 浴 có 氵 (nước) → dội nước lên người. • いれます（入れます） = Cho vào, bỏ vào Mẹo: 入 (nhập) = vào. Tha động từ của 入ります. • だします（出します） = Lấy ra, nộp Mẹo: 出 (xuất) = ra. レポートを 出します = nộp báo cáo. • おします（押します） = Ấn, đẩy Mẹo: 押 có 扌 (tay) → dùng tay ẤN. Trên cửa Nhật hay ghi 押/引. • ひきます（引きます） = Kéo Mẹo: Đối lập với 押します. 引 nhìn như dây cung đang KÉO căng. • あるきます（歩きます） = Đi bộ Mẹo: 歩 có bộ 止 (bàn chân) → dùng chân bước. • わたります（渡ります） = Băng qua Mẹo: 渡 có 氵 (nước) → lội qua sông. 橋を 渡ります = qua cầu. → Đối chiếu thêm với mục 語彙 của bài 16 trong sách để bổ sung. | C47: 20 | D47: Chưa học
A48: 耳 Nghe | B48: Mở CD Minna no Nihongo bài đang học, phần 会話. Nghe 3 lượt: lượt 1 chỉ nghe, lượt 2 nhìn script, lượt 3 nghe và nhắc theo. | C48: 20 | D48: Chưa học
A50: NGÀY 52 · Tuần 8 · Minna Bài 16 (2/2) · Nối câu bằng thể て 〔100 phút · 6 việc〕
A51: ◐ Khởi động | B51: Ôn nhanh nội dung hôm qua: đọc lại Kanji và mẫu ngữ pháp cũ, không nhìn đáp án. | C51: 5 | D51: Chưa học
A52: 部 Bộ thủ | B52: Bộ 广 (まだれ) = Mái hiên, công trình Mẹo nhớ: Mái nhà có tường một bên Kanji chứa bộ này: 店・広・度・庭 | C52: 10 | D52: Chưa học
A53: 漢 Kanji | B53: Học 2 chữ. Mỗi chữ viết tay 10 lần đúng thứ tự nét. • 半 [BÁN] Một nửa, rưỡi — On: ハン / Kun: なか(ば) (5 nét) Từ ghép: 半分 (はんぶん) một nửa ・ 三時半 (さんじはん) 3 giờ rưỡi ・ 半年 (はんとし) nửa năm Mẹo: Chữ 八 (chia đôi) đè lên đầu = cắt vật ra làm hai → MỘT NỬA. • 男 [NAM] Nam giới — On: ダン・ナン / Kun: おとこ (7 nét) Từ ghép: 男の人 (おとこのひと) đàn ông ・ 男子 (だんし) nam giới ・ 長男 (ちょうなん) con trai trưởng Mẹo: 田 (ruộng) + 力 (sức mạnh) = người dùng sức cày ruộng → ĐÀN ÔNG. | C53: 20 | D53: Chưa học
A54: 文 Ngữ pháp | B54: Minna bài 16 (2/2) — Nối câu bằng thể て • Adj て / で (nối tính từ) (い-adj: bỏ い thêm くて. な-adj và N: thêm で.) Ví dụ: この 部屋は 広くて、明るいです。 = Phòng này rộng và sáng. • どうやって〜か (Làm như thế nào? Hỏi cách thức, lộ trình.) Ví dụ: 駅まで どうやって 行きますか。 = Đi đến ga bằng cách nào? → Làm 練習A của bài 16 trong sách, mỗi mẫu tự đặt 3 câu. | C54: 25 | D54: Chưa học
A55: 語 Từ vựng | B55: Từ mới Minna bài 16: • ひろい（広い） = Rộng Mẹo: 広 có bộ 广 (mái hiên) → mái che một khoảng RỘNG. • せまい（狭い） = Chật, hẹp Mẹo: 狭 có bộ 犭 (con thú) → chuồng thú chật chội. • あかるい（明るい） = Sáng Mẹo: 明 = 日 (mặt trời) + 月 (mặt trăng) → cả hai cùng chiếu = SÁNG. • くらい（暗い） = Tối Mẹo: 暗 = 日 (mặt trời) + 音 (âm thanh) → chỉ nghe tiếng, không thấy gì = TỐI. • わかい（若い） = Trẻ Mẹo: 若 có bộ 艹 (cỏ non) → mầm non = TRẺ. • しんごう（信号） = Đèn giao thông Mẹo: TÍN HIỆU. 信号を 右へ 曲がります = rẽ phải ở đèn giao thông. • こうさてん（交差点） = Ngã tư Mẹo: GIAO SAI ĐIỂM = điểm giao cắt. → Đối chiếu thêm với mục 語彙 của bài 16 trong sách để bổ sung. | C55: 20 | D55: Chưa học
A56: 耳 Nghe | B56: Shadowing 15 phút: bật lại 会話 hôm qua, nói đuổi theo băng, không nhìn script. | C56: 20 | D56: Chưa học
A58: NGÀY 53 · Tuần 8 · Minna Bài 17 (1/3) · Thể ない — Cấm, Bắt buộc, Không cần 〔100 phút · 6 việc〕
A59: ◐ Khởi động | B59: Ôn nhanh nội dung hôm qua: đọc lại Kanji và mẫu ngữ pháp cũ, không nhìn đáp án. | C59: 5 | D59: Chưa học
A60: 部 Bộ thủ | B60: Bộ 儿 (にんにょう) = Đôi chân người Mẹo nhớ: Hai chân đỡ phần trên của chữ Kanji chứa bộ này: 先・見・元・光 | C60: 10 | D60: Chưa học
A61: 漢 Kanji | B61: Học 2 chữ. Mỗi chữ viết tay 10 lần đúng thứ tự nét. • 西 [TÂY] Hướng tây — On: セイ・サイ / Kun: にし (6 nét) Từ ghép: 西 (にし) hướng tây ・ 西口 (にしぐち) cửa tây ・ 関西 (かんさい) vùng Kansai Mẹo: Hình con chim đậu vào tổ khi mặt trời lặn phía TÂY. • 電 [ĐIỆN] Điện — On: デン / Kun: — (13 nét) Từ ghép: 電車 (でんしゃ) tàu điện ・ 電話 (でんわ) điện thoại ・ 電気 (でんき) đèn/điện Mẹo: Bộ 雨 (mưa) + 田 + nét móc = tia sét ngoằn ngoèo trong cơn mưa → ĐIỆN. | C61: 20 | D61: Chưa học
A62: 文 Ngữ pháp | B62: Minna bài 17 (1/3) — Thể ない — Cấm, Bắt buộc, Không cần • Cách chia thể ない (Nhóm I: đổi hàng い sang hàng あ + ない (飲みます→飲まない). Nhóm II: bỏ ます thêm ない. Nhóm III: します→しない, 来ます→来ない (こない).) Ví dụ: 行きます → 行かない = đi → không đi • V ない で ください (Xin đừng làm ~.) Ví dụ: ここに 車を 止めないで ください。 = Xin đừng đỗ xe ở đây. → Làm 練習A của bài 17 trong sách, mỗi mẫu tự đặt 3 câu. | C62: 25 | D62: Chưa học
A63: 語 Từ vựng | B63: Từ mới Minna bài 17: • ぬぎます（脱ぎます） = Cởi (quần áo, giày) Mẹo: 脱 có bộ 月 (thân thể) → tách khỏi thân = CỞI. • もっていきます（持って 行きます） = Mang đi Mẹo: 持つ (cầm) + 行く (đi) = cầm mà đi. • もってきます（持って 来ます） = Mang đến Mẹo: 持つ (cầm) + 来る (đến) = cầm mà đến. • しんぱいします（心配します） = Lo lắng Mẹo: TÂM PHỐI = lòng bị phân chia → LO. 心配しないで ください = đừng lo. • ざんぎょうします（残業します） = Làm thêm giờ Mẹo: TÀN NGHIỆP = việc còn sót lại, làm nốt sau giờ. → Đối chiếu thêm với mục 語彙 của bài 17 trong sách để bổ sung. | C63: 20 | D63: Chưa học
A64: 読 Đọc | B64: Làm phần 読み物 hoặc 練習C của bài đang học. Đọc to thành tiếng ít nhất 1 lượt. | C64: 20 | D64: Chưa học
A66: NGÀY 54 · Tuần 8 · Minna Bài 17 (2/3) · Thể ない — Cấm, Bắt buộc, Không cần 〔100 phút · 6 việc〕
A67: ◐ Khởi động | B67: Ôn nhanh nội dung hôm qua: đọc lại Kanji và mẫu ngữ pháp cũ, không nhìn đáp án. | C67: 5 | D67: Chưa học
A68: 部 Bộ thủ | B68: Bộ 十 (じゅう) = Mười, đầy đủ Mẹo nhớ: Dấu cộng = số mười Kanji chứa bộ này: 十・千・南・午 | C68: 10 | D68: Chưa học
A69: 漢 Kanji | B69: Học 2 chữ. Mỗi chữ viết tay 10 lần đúng thứ tự nét. • 口 [KHẨU] Miệng, cửa — On: コウ / Kun: くち (3 nét) Từ ghép: 口 (くち) miệng ・ 入口 (いりぐち) lối vào ・ 人口 (じんこう) dân số Mẹo: Ô vuông = cái MIỆNG đang há. Từ nghĩa miệng → cái cửa (nơi ra vào). • 少 [THIỂU] Ít — On: ショウ / Kun: すく(ない)・すこ(し) (4 nét) Từ ghép: 少ない (すくない) ít ・ 少し (すこし) một chút ・ 少々 (しょうしょう) một lát Mẹo: Chữ 小 (nhỏ) bị gạch mất một nét = nhỏ hơn cả nhỏ → ÍT. | C69: 20 | D69: Chưa học
A70: 文 Ngữ pháp | B70: Minna bài 17 (2/3) — Thể ない — Cấm, Bắt buộc, Không cần • V なければ なりません (Phải làm ~ (bắt buộc). Bỏ ない thêm ければ なりません.) Ví dụ: 毎日 薬を 飲まなければ なりません。 = Tôi phải uống thuốc mỗi ngày. • V なくても いいです (Không cần phải làm ~.) Ví dụ: あした 来なくても いいです。 = Ngày mai bạn không cần đến cũng được. → Làm 練習A của bài 17 trong sách, mỗi mẫu tự đặt 3 câu. | C70: 25 | D70: Chưa học
A71: 語 Từ vựng | B71: Từ mới Minna bài 17: • しゅっちょうします（出張します） = Đi công tác Mẹo: XUẤT TRƯƠNG = ra ngoài mở rộng công việc. • のみます（飲みます） = Uống (cả thuốc) Mẹo: 薬を 飲みます = UỐNG thuốc. Tiếng Nhật uống thuốc, không 'ăn' thuốc. • だいじょうぶ（大丈夫） = Không sao, ổn Mẹo: ĐẠI TRƯỢNG PHU = đàn ông vững vàng → không sao đâu. • たいへん（大変） = Vất vả, ghê gớm Mẹo: ĐẠI BIẾN = biến cố lớn → vất vả. • パスポート = Hộ chiếu Mẹo: Từ 'passport'. → Đối chiếu thêm với mục 語彙 của bài 17 trong sách để bổ sung. | C71: 20 | D71: Chưa học
A72: 耳 Nghe | B72: Làm 聴解 (phần nghe) trong sách bài tập Minna 標準問題集 của bài đang học. | C72: 20 | D72: Chưa học
A74: NGÀY 55 · Tuần 8 · Minna Bài 17 (3/3) · Thể ない — Cấm, Bắt buộc, Không cần 〔100 phút · 6 việc〕
A75: ◐ Khởi động | B75: Ôn nhanh nội dung hôm qua: đọc lại Kanji và mẫu ngữ pháp cũ, không nhìn đáp án. | C75: 5 | D75: Chưa học
A76: 部 Bộ thủ | B76: Bộ 白 (しろ) = Trắng, sáng Mẹo nhớ: Mặt trời có tia sáng nhô lên Kanji chứa bộ này: 白・百・的 | C76: 10 | D76: Chưa học
A77: 漢 Kanji | B77: Học 2 chữ. Mỗi chữ viết tay 10 lần đúng thứ tự nét. • 校 [HIỆU] Trường học — On: コウ / Kun: — (10 nét) Từ ghép: 学校 (がっこう) trường học ・ 高校 (こうこう) cấp 3 ・ 校長 (こうちょう) hiệu trưởng Mẹo: 木 (gỗ) + 交 (giao nhau) = ngôi nhà gỗ nơi mọi người GIAO LƯU học tập → TRƯỜNG. • 語 [NGỮ] Ngôn ngữ, từ — On: ゴ / Kun: かた(る) (14 nét) Từ ghép: 日本語 (にほんご) tiếng Nhật ・ 英語 (えいご) tiếng Anh ・ 単語 (たんご) từ vựng Mẹo: 言 (nói) + 五 (năm) + 口 (miệng) = năm cái miệng cùng nói → NGÔN NGỮ. | C77: 20 | D77: Chưa học
A78: 文 Ngữ pháp | B78: Minna bài 17 (3/3) — Thể ない — Cấm, Bắt buộc, Không cần • 時 まで に V (Phải làm gì trước thời hạn nào.) Ví dụ: 5時までに 帰ります。 = Tôi sẽ về trước 5 giờ. → Làm 練習A của bài 17 trong sách, mỗi mẫu tự đặt 3 câu. | C78: 25 | D78: Chưa học
A79: 語 Từ vựng | B79: Từ mới Minna bài 17: • びょうき（病気） = Bệnh Mẹo: BỆNH KHÍ = khí bệnh trong người. • ねつ（熱） = Sốt Mẹo: 熱 có 灬 (lửa) ở dưới → người nóng như lửa = SỐT. • くすり（薬） = Thuốc Mẹo: 薬 có bộ 艹 (cỏ cây) + 楽 (vui) → cây cỏ làm ta khỏe vui = THUỐC. • たいせつ[な]（大切[な]） = Quan trọng Mẹo: ĐẠI THIẾT = cắt ra phần lớn nhất → điều quan trọng nhất. → Đối chiếu thêm với mục 語彙 của bài 17 trong sách để bổ sung. | C79: 20 | D79: Chưa học
A80: 読 Đọc | B80: Vào NHK News Web Easy đọc 1 bài. Gạch chân từ mới, chép 3 câu vào sổ. | C80: 20 | D80: Chưa học
A82: NGÀY 56 · Tuần 8 · Minna Ôn bài 15–17 · Ôn tập tuần 8 — Minna bài 15–17 〔105 phút · 5 việc〕
A83: 漢 Kanji | B83: Viết lại toàn bộ Kanji đã học trong tuần: che nghĩa → đọc chữ, che chữ → viết lại. Lọc sheet '9. Kanji 103' theo cột Ngày học để biết chính xác chữ nào. | C83: 25 | D83: Chưa học
A84: 部 Bộ thủ | B84: Ôn 6 bộ thủ của tuần: nhìn bộ nói nghĩa, kể 1 Kanji chứa bộ đó. | C84: 10 | D84: Chưa học
A85: 文 Ngữ pháp | B85: Làm phần 練習B và 練習C trong Minna bài 15–17. Sau đó tự đặt 5 câu mới. | C85: 25 | D85: Chưa học
A86: 語 Từ vựng | B86: Kiểm tra lại toàn bộ từ vựng Minna bài 15–17. Từ nào quên đánh dấu 'Đang học'. | C86: 20 | D86: Chưa học
A87: 耳読 Nghe + Đọc | B87: Làm phần 問題 (nghe + đọc) cuối mỗi bài trong Minna bài 15–17. Ghi lỗi sai vào cột Ghi chú. | C87: 25 | D87: Chưa học
A89: NGÀY 57 · Tuần 9 · Minna Bài 18 (1/2) · Thể từ điển & Khả năng 〔100 phút · 6 việc〕
A90: ◐ Khởi động | B90: Ôn nhanh nội dung hôm qua: đọc lại Kanji và mẫu ngữ pháp cũ, không nhìn đáp án. | C90: 5 | D90: Chưa học
A91: 部 Bộ thủ | B91: Bộ 立 (たつ / たつへん) = Đứng, dựng lên Mẹo nhớ: Người đứng trên mặt đất Kanji chứa bộ này: 立・音・章・親 | C91: 10 | D91: Chưa học
A92: 漢 Kanji | B92: Học 2 chữ. Mỗi chữ viết tay 10 lần đúng thứ tự nét. • 空 [KHÔNG] Bầu trời, trống — On: クウ / Kun: そら・あ(く) (8 nét) Từ ghép: 空 (そら) bầu trời ・ 空港 (くうこう) sân bay ・ 空気 (くうき) không khí Mẹo: Bộ 穴 (cái hang) + 工 = khoảng RỖNG bên trên. Rỗng → bầu trời. • 土 [THỔ] Đất — On: ド / Kun: つち (3 nét) Từ ghép: 土曜日 (どようび) thứ Bảy ・ 土 (つち) đất ・ 土地 (とち) đất đai Mẹo: Cây mầm cắm xuống mặt ĐẤT. Giống 士 nhưng vạch dưới dài hơn vạch trên. | C92: 20 | D92: Chưa học
A93: 文 Ngữ pháp | B93: Minna bài 18 (1/2) — Thể từ điển & Khả năng • Thể từ điển (辞書形) (Nhóm I: đổi ます-stem về hàng う (書きます→書く). Nhóm II: bỏ ます thêm る. Nhóm III: します→する, 来ます→来る (くる).) Ví dụ: 食べます → 食べる = ăn (thể lịch sự) → ăn (thể từ điển) • N が できます (Có thể / biết làm N.) Ví dụ: わたしは 日本語が できます。 = Tôi biết tiếng Nhật. • V る こと が できます (Có thể làm ~.) Ví dụ: ピアノを 弾く ことが できます。 = Tôi có thể chơi piano. → Làm 練習A của bài 18 trong sách, mỗi mẫu tự đặt 3 câu. | C93: 25 | D93: Chưa học
A94: 語 Từ vựng | B94: Từ mới Minna bài 18: • できます = Có thể, làm được Mẹo: Đối tượng dùng が: 日本語が できます. • ひきます（弾きます） = Chơi (nhạc cụ dây, phím) Mẹo: ピアノを 弾きます. Khác với 歌います (hát). • うたいます（歌います） = Hát Mẹo: 歌 có bộ 欠 (há miệng) → há miệng mà HÁT. • あつめます（集めます） = Sưu tầm, tập hợp Mẹo: 集 = 隹 (con chim) trên 木 (cây) → chim TỤ TẬP trên cây. • すてます（捨てます） = Vứt bỏ Mẹo: 捨 có 扌 (tay) → tay ném đi = VỨT. • うんてんします（運転します） = Lái xe Mẹo: VẬN CHUYỂN = điều khiển cho di chuyển. • よやくします（予約します） = Đặt trước Mẹo: DỰ ƯỚC = hẹn trước. → Đối chiếu thêm với mục 語彙 của bài 18 trong sách để bổ sung. | C94: 20 | D94: Chưa học
A95: 耳 Nghe | B95: Mở CD Minna no Nihongo bài đang học, phần 会話. Nghe 3 lượt: lượt 1 chỉ nghe, lượt 2 nhìn script, lượt 3 nghe và nhắc theo. | C95: 20 | D95: Chưa học
A97: NGÀY 58 · Tuần 9 · Minna Bài 18 (2/2) · Thể từ điển & Khả năng 〔100 phút · 6 việc〕
A98: ◐ Khởi động | B98: Ôn nhanh nội dung hôm qua: đọc lại Kanji và mẫu ngữ pháp cũ, không nhìn đáp án. | C98: 5 | D98: Chưa học
A99: 部 Bộ thủ | B99: Bộ 馬 (うま / うまへん) = Ngựa Mẹo nhớ: Bờm, thân và bốn chân ngựa Kanji chứa bộ này: 駅・験・駐 | C99: 10 | D99: Chưa học
A100: 漢 Kanji | B100: Học 2 chữ. Mỗi chữ viết tay 10 lần đúng thứ tự nét. • 木 [MỘC] Cây, gỗ — On: モク・ボク / Kun: き (4 nét) Từ ghép: 木 (き) cây ・ 木曜日 (もくようび) thứ Năm ・ 木村 (きむら) Kimura Mẹo: Thân cây thẳng, có cành vươn ngang và rễ tỏa xuống. • 聞 [VĂN] Nghe, hỏi — On: ブン / Kun: き(く) (14 nét) Từ ghép: 聞きます (ききます) nghe ・ 新聞 (しんぶん) báo ・ 聞こえます nghe thấy Mẹo: 門 (cánh cửa) có 耳 (cái tai) áp vào giữa = áp tai vào cửa để NGHE trộm. | C100: 20 | D100: Chưa học
A101: 文 Ngữ pháp | B101: Minna bài 18 (2/2) — Thể từ điển & Khả năng • わたしの 趣味は V る ことです (Sở thích của tôi là ~.) Ví dụ: わたしの 趣味は 本を 読む ことです。 = Sở thích của tôi là đọc sách. • V る まえに / N の まえに / 期間 まえに (Trước khi ~. Trước danh từ dùng の.) Ví dụ: 寝る まえに 歯を 磨きます。 = Trước khi ngủ tôi đánh răng. → Làm 練習A của bài 18 trong sách, mỗi mẫu tự đặt 3 câu. | C101: 25 | D101: Chưa học
A102: 語 Từ vựng | B102: Từ mới Minna bài 18: • しゅみ（趣味） = Sở thích Mẹo: THÚ VỊ = điều thấy thú vị. • にっき（日記） = Nhật ký Mẹo: NHẬT KÝ — âm Hán Việt y hệt tiếng Việt. • ピアノ = Đàn piano Mẹo: Từ 'piano'. • インターネット = Internet Mẹo: Từ 'internet'. • はいります（入ります） = Vào Mẹo: お風呂に 入ります = đi tắm bồn. Dùng trợ từ に. • あたま（頭） = Đầu Mẹo: 頭 có bộ 頁 (cái đầu người). 頭が いい = thông minh. • いちど（一度） = Một lần Mẹo: NHẤT ĐỘ. もう一度 = một lần nữa — câu cực kỳ hay dùng. → Đối chiếu thêm với mục 語彙 của bài 18 trong sách để bổ sung. | C102: 20 | D102: Chưa học
A103: 耳 Nghe | B103: Shadowing 15 phút: bật lại 会話 hôm qua, nói đuổi theo băng, không nhìn script. | C103: 20 | D103: Chưa học
A105: NGÀY 59 · Tuần 9 · Minna Bài 19 (1/3) · Thể た — Kinh nghiệm & Liệt kê 〔100 phút · 6 việc〕
A106: ◐ Khởi động | B106: Ôn nhanh nội dung hôm qua: đọc lại Kanji và mẫu ngữ pháp cũ, không nhìn đáp án. | C106: 5 | D106: Chưa học
A107: 部 Bộ thủ | B107: Bộ 貝 (かい / かいへん) = Vỏ sò, tiền bạc Mẹo nhớ: Ngày xưa vỏ sò dùng làm tiền Kanji chứa bộ này: 買・貝・財・買 | C107: 10 | D107: Chưa học
A108: 漢 Kanji | B108: Học 2 chữ. Mỗi chữ viết tay 10 lần đúng thứ tự nét. • 食 [THỰC] Ăn — On: ショク / Kun: た(べる) (9 nét) Từ ghép: 食べます (たべます) ăn ・ 食堂 (しょくどう) nhà ăn ・ 食事 (しょくじ) bữa ăn Mẹo: Cái mái che 亼 úp trên mâm cơm đầy = bữa ĂN. • 車 [XA] Xe — On: シャ / Kun: くるま (7 nét) Từ ghép: 車 (くるま) ô tô ・ 電車 (でんしゃ) tàu điện ・ 自転車 (じてんしゃ) xe đạp Mẹo: Nhìn chiếc xe từ trên xuống: trục dọc ở giữa, hai bánh hai bên. | C108: 20 | D108: Chưa học
A109: 文 Ngữ pháp | B109: Minna bài 19 (1/3) — Thể た — Kinh nghiệm & Liệt kê • Thể た (quá khứ thân mật) (Chia giống thể て, chỉ đổi て→た, で→だ.) Ví dụ: 行って → 行った = đã đi • V た こと が あります (Đã từng làm ~ (kinh nghiệm).) Ví dụ: 日本へ 行った ことが あります。 = Tôi đã từng đi Nhật. → Làm 練習A của bài 19 trong sách, mỗi mẫu tự đặt 3 câu. | C109: 25 | D109: Chưa học
A110: 語 Từ vựng | B110: Từ mới Minna bài 19: • のぼります（登ります） = Leo, trèo Mẹo: 山に 登ります = leo núi. Dùng trợ từ に. • とまります（泊まります） = Nghỉ lại qua đêm Mẹo: 泊 có 氵 (nước) + 白 → thuyền neo lại bến. Khác 止まります (dừng). • そうじします（掃除します） = Dọn dẹp Mẹo: TẢO TRỪ = quét và loại bỏ. • せんたくします（洗濯します） = Giặt giũ Mẹo: TẨY TRẠC = giặt sạch. 洗 có 氵 (nước). • れんしゅうします（練習します） = Luyện tập Mẹo: LUYỆN TẬP — âm Hán Việt y hệt. → Đối chiếu thêm với mục 語彙 của bài 19 trong sách để bổ sung. | C110: 20 | D110: Chưa học
A111: 読 Đọc | B111: Làm phần 読み物 hoặc 練習C của bài đang học. Đọc to thành tiếng ít nhất 1 lượt. | C111: 20 | D111: Chưa học
A113: NGÀY 60 · Tuần 9 · Minna Bài 19 (2/3) · Thể た — Kinh nghiệm & Liệt kê 〔100 phút · 6 việc〕
A114: ◐ Khởi động | B114: Ôn nhanh nội dung hôm qua: đọc lại Kanji và mẫu ngữ pháp cũ, không nhìn đáp án. | C114: 5 | D114: Chưa học
...

Sheet 6. Chi tiết N78-90
A1: GIAI ĐOẠN 3 · NGÀY 78–90 · TỔNG ÔN & THI THỬ
A2: Mục | B2: Việc cần làm hôm nay | C2: Phút | D2: Trạng thái | E2: Ghi chú
A3: NGÀY 78 · Tuần 12 · Tổng ôn Kanji vòng 1 〔100 phút · 4 việc〕
A4: 漢 Kanji | B4: Chạy hết 103 Kanji: chia 4 lượt × 26 chữ. Che nghĩa đọc chữ, che chữ viết lại. Chữ nào sai đánh dấu ★ ở sheet '9. Kanji 103'. | C4: 35 | D4: Chưa học
A5: 部 Bộ thủ | B5: Ôn 45 bộ thủ: nhìn bộ nói nghĩa, kể 1 Kanji chứa bộ đó. Bộ nào quên viết lại 5 lần. | C5: 15 | D5: Chưa học
A6: 語 Từ vựng | B6: Lọc sheet Từ vựng theo cột Trạng thái, ôn lại mọi từ chưa tick 'Xong'. | C6: 25 | D6: Chưa học
A7: 耳 Nghe | B7: Nghe lại 会話 của Minna bài 1–8, chép chính tả 1 bài. | C7: 25 | D7: Chưa học
A9: NGÀY 79 · Tuần 12 · Tổng ôn trợ từ (Minna bài 1–10) 〔100 phút · 4 việc〕
A10: 漢 Kanji | B10: Viết lại các chữ ★ hôm qua, mỗi chữ 5 lần kèm 1 từ ghép. | C10: 20 | D10: Chưa học
A11: 文 Ngữ pháp | B11: Ôn toàn bộ trợ từ は・が・を・に・で・へ・と・も・や・から・まで. Tự đặt 1 câu cho mỗi trợ từ. | C11: 35 | D11: Chưa học
A12: 語 Từ vựng | B12: Ôn từ vựng Minna bài 1–10 (khoảng 140 từ). | C12: 25 | D12: Chưa học
A13: 読 Đọc | B13: Đọc 2 bài NHK Easy News, gạch chân từ chưa biết. | C13: 20 | D13: Chưa học
A15: NGÀY 80 · Tuần 12 · Tổng ôn tính từ & so sánh (bài 8, 12, 16) 〔100 phút · 4 việc〕
A16: 漢 Kanji | B16: Ôn nhóm Kanji số đếm, thời gian, phương hướng: 一〜十・百・千・万・時・分・半・東西南北・上下左右. | C16: 20 | D16: Chưa học
A17: 文 Ngữ pháp | B17: Ôn chia tính từ い/な ở 4 thể, và より・ほうが・いちばん・どちら. | C17: 35 | D17: Chưa học
A18: 語 Từ vựng | B18: Ôn tính từ theo cặp trái nghĩa: 大きい↔小さい, 安い↔高い, 広い↔狭い, 明るい↔暗い. | C18: 25 | D18: Chưa học
A19: 耳 Nghe | B19: Xem 15 phút Erin's Challenge, trả lời câu hỏi cuối video. | C19: 20 | D19: Chưa học
A21: NGÀY 81 · Tuần 12 · Tổng ôn chia động từ (bài 14, 17, 18, 19) 〔100 phút · 4 việc〕
A22: 漢 Kanji | B22: Ôn nhóm Kanji động từ: 行・見・聞・食・飲・買・読・書・話・来・入・出・立・休. | C22: 20 | D22: Chưa học
A23: 文 Ngữ pháp | B23: Bảng chia tổng hợp: ます → て → ない → 辞書形 → た. Lấy 20 động từ tự chia đủ 5 thể. | C23: 40 | D23: Chưa học
A24: 語 Từ vựng | B24: Ôn từ vựng Minna bài 11–18. | C24: 20 | D24: Chưa học
A25: 読 Đọc | B25: Đọc 3 đoạn dokkai ngắn, bấm giờ 2 phút mỗi bài. | C25: 20 | D25: Chưa học
A27: NGÀY 82 · Tuần 12 · Luyện dạng đề: Chữ Hán – Từ vựng 〔95 phút · 4 việc〕
A28: 📝 Luyện đề | B28: Mondai 1–2: nhìn Kanji chọn cách đọc đúng. 30 câu, bấm giờ 10 phút. | C28: 25 | D28: Chưa học
A29: 📝 Luyện đề | B29: Mondai 3–4: chọn từ điền chỗ trống, chọn câu cùng nghĩa. 30 câu. | C29: 30 | D29: Chưa học
A30: 語 Từ vựng | B30: Ôn cặp từ đồng nghĩa / trái nghĩa hay bị đánh lừa trong đề. | C30: 20 | D30: Chưa học
A31: 耳 Nghe | B31: Nghe 1 đề Choukai phần 1 (課題理解) đầy đủ. | C31: 20 | D31: Chưa học
A33: NGÀY 83 · Tuần 12 · Luyện dạng đề: Ngữ pháp – Đọc hiểu 〔95 phút · 4 việc〕
A34: 漢 Kanji | B34: Vòng 2 các chữ ★. Chữ nào vẫn sai chép vào sổ tay riêng. | C34: 20 | D34: Chưa học
A35: 📝 Luyện đề | B35: Luyện 文の組み立て (sắp xếp câu) 20 câu — dạng mất điểm nhiều nhất. | C35: 30 | D35: Chưa học
A36: 読 Đọc | B36: 1 bài đọc dài + 1 bài 情報検索 (tìm thông tin trong tờ rơi, bảng giờ tàu). | C36: 30 | D36: Chưa học
A37: 語 Từ vựng | B37: Ôn trạng từ tần suất: よく・ときどき・あまり・ぜんぜん・いつも・もう・まだ. | C37: 15 | D37: Chưa học
A39: NGÀY 84 · Tuần 12 · 🎯 ĐỀ THI THỬ SỐ 1 — full, bấm giờ 〔120 phút · 4 việc〕
A40: 📝 Luyện đề | B40: Phần 1: 文字・語彙 (Chữ Hán – Từ vựng) — 25 phút, không tra từ điển. | C40: 25 | D40: Chưa học
A41: 📝 Luyện đề | B41: Phần 2: 文法・読解 (Ngữ pháp – Đọc hiểu) — 50 phút. | C41: 50 | D41: Chưa học
A42: 📝 Luyện đề | B42: Phần 3: 聴解 (Nghe hiểu) — 30 phút, chỉ nghe 1 lần đúng như thi thật. | C42: 30 | D42: Chưa học
A43: ✓ Chấm điểm | B43: Chấm và ghi số câu sai từng phần vào cột Ghi chú. Chuẩn đỗ: tổng ≥ 80/180 và mỗi phần ≥ 19/60. | C43: 15 | D43: Chưa học
A45: NGÀY 85 · Tuần 13 · Chữa đề số 1 〔100 phút · 4 việc〕
A46: 漢 Kanji | B46: Chép mọi Kanji làm sai vào sổ tay, viết mỗi chữ 10 lần. | C46: 25 | D46: Chưa học
A47: 文 Ngữ pháp | B47: Với mỗi câu sai: viết ra LÝ DO vì sao sai, không chỉ khoanh đáp án đúng. | C47: 30 | D47: Chưa học
A48: 語 Từ vựng | B48: Ghi 30 từ mới gặp trong đề vào sheet Từ vựng. | C48: 20 | D48: Chưa học
A49: 耳 Nghe | B49: Nghe lại các câu Choukai đã sai, vừa nghe vừa đọc transcript. | C49: 25 | D49: Chưa học
A51: NGÀY 86 · Tuần 13 · Vá lỗ hổng phần yếu nhất 〔95 phút · 4 việc〕
A52: ◎ Xác định | B52: Nhìn bảng điểm đề 1, chọn ra phần điểm thấp nhất. | C52: 5 | D52: Chưa học
A53: 📝 Luyện đề | B53: Làm 2 bộ bài tập cùng dạng với phần yếu đó. | C53: 45 | D53: Chưa học
A54: 語 Từ vựng | B54: Ôn toàn bộ từ vựng liên quan đến phần yếu. | C54: 25 | D54: Chưa học
A55: 耳 Nghe | B55: 20 phút nghe thụ động (podcast N5) lúc nghỉ ngơi, không cần tập trung. | C55: 20 | D55: Chưa học
A57: NGÀY 87 · Tuần 13 · Tổng duyệt trước đề 2 〔95 phút · 4 việc〕
A58: 漢 Kanji | B58: Test nhanh 103 Kanji trong 20 phút. Ghi lại số chữ còn sai. | C58: 20 | D58: Chưa học
A59: 文 Ngữ pháp | B59: Test nhanh toàn bộ mẫu ngữ pháp Minna bài 1–25 trong 25 phút. | C59: 25 | D59: Chưa học
A60: 語 Từ vựng | B60: Lướt 200 từ hay quên nhất. | C60: 25 | D60: Chưa học
A61: 読 Đọc | B61: Đọc 3 bài NHK Easy, tóm tắt mỗi bài bằng 1 câu tiếng Nhật. | C61: 25 | D61: Chưa học
A63: NGÀY 88 · Tuần 13 · 🎯 ĐỀ THI THỬ SỐ 2 — full, bấm giờ 〔120 phút · 4 việc〕
A64: 📝 Luyện đề | B64: Phần 1: 文字・語彙 — 25 phút. | C64: 25 | D64: Chưa học
A65: 📝 Luyện đề | B65: Phần 2: 文法・読解 — 50 phút. Phân bổ thời gian, đừng sa lầy ở một câu. | C65: 50 | D65: Chưa học
A66: 📝 Luyện đề | B66: Phần 3: 聴解 — 30 phút. | C66: 30 | D66: Chưa học
A67: ✓ Chấm điểm | B67: Chấm điểm, so với đề 1. Mục tiêu: cao hơn ít nhất 15 điểm. | C67: 15 | D67: Chưa học
A69: NGÀY 89 · Tuần 13 · Chữa đề 2 + chốt sổ tay 〔100 phút · 4 việc〕
A70: 漢 Kanji | B70: Đọc lại toàn bộ sổ tay Kanji ★ một lượt, không viết nữa. | C70: 25 | D70: Chưa học
A71: 文 Ngữ pháp | B71: Đọc lại sổ tay ngữ pháp sai, chú ý mẫu sai lặp ở cả hai đề. | C71: 30 | D71: Chưa học
A72: 語 Từ vựng | B72: Lướt nhanh toàn bộ sheet Từ vựng, không dừng lâu ở từ nào. | C72: 25 | D72: Chưa học
A73: 耳 Nghe | B73: Nghe 1 đề Choukai nhẹ nhàng, không chấm điểm, không áp lực. | C73: 20 | D73: Chưa học
A75: NGÀY 90 · Tuần 13 · Ngày cuối — nghỉ ngơi, giữ sức 〔60 phút · 4 việc〕
A76: 漢 Kanji | B76: Chỉ lướt nhẹ bảng Kanji 15 phút. TUYỆT ĐỐI không học chữ mới hôm nay. | C76: 15 | D76: Chưa học
A77: 文 Ngữ pháp | B77: Lướt nhẹ bảng ngữ pháp 15 phút. | C77: 15 | D77: Chưa học
A78: 語 Từ vựng | B78: Đọc lại danh sách từ ★ 15 phút. | C78: 15 | D78: Chưa học
A79: 🎒 Chuẩn bị | B79: Soạn sẵn: thẻ dự thi, CCCD, bút chì 2B, tẩy, đồng hồ thường (không thông minh). Tra trước đường đến điểm thi. Ngủ trước 23h. がんばって！ | C79: 15 | D79: Chưa học

Sheet 7. Bảng chữ cái
A1: BẢNG CHỮ CÁI — 104 Hiragana & 104 Katakana, kèm mẹo nhớ hình dáng
A2: STT | B2: Hiragana | C2: Katakana | D2: Romaji | E2: Ngày học | F2: Trạng thái | G2: Mẹo nhớ hình dáng
A3: 1 | B3: あ | C3: ア | D3: a | E3: 1 | F3: Chưa học | G3: Giống chữ 'a' viết hoa bị gạch chéo — hoặc hình quả táo (Apple) có cuống.
A4: 2 | B4: い | C4: イ | D4: i | E4: 1 | F4: Chưa học | G4: Hai nét dọc song song, giống số 'i' latinh viết đôi.
A5: 3 | B5: う | C5: ウ | D5: u | E5: 1 | F5: Chưa học | G5: Giống chữ 'u' nghiêng — cái mỏ chim đang kêu 'u u'.
A6: 4 | B6: え | C6: エ | D6: e | E6: 1 | F6: Chưa học | G6: Giống con én (é) đang bay, có đuôi xòe.
A7: 5 | B7: お | C7: オ | D7: o | E7: 1 | F7: Chưa học | G7: Giống あ nhưng thêm một chấm — như 'ông' đội mũ.
A8: 6 | B8: か | C8: カ | D8: ka | E8: 1 | F8: Chưa học | G8: Có nét như thanh kiếm (KA-tana) chém xuống.
A9: 7 | B9: き | C9: キ | D9: ki | E9: 1 | F9: Chưa học | G9: Giống chìa khóa (KEY) có hai răng.
A10: 8 | B10: く | C10: ク | D10: ku | E10: 1 | F10: Chưa học | G10: Giống cái mỏ chim khép lại — hoặc dấu ngoặc '<'.
A11: 9 | B11: け | C11: ケ | D11: ke | E11: 1 | F11: Chưa học | G11: Giống chữ 'k' latinh nằm cạnh một nét dọc.
A12: 10 | B12: こ | C12: コ | D12: ko | E12: 1 | F12: Chưa học | G12: Hai nét ngang ngắn — hai con sâu bò nối đuôi.
A13: 11 | B13: さ | C13: サ | D13: sa | E13: 2 | F13: Chưa học | G13: Giống lưỡi câu — 'sa' xuống nước bắt cá.
A14: 12 | B14: し | C14: シ | D14: shi | E14: 2 | F14: Chưa học | G14: Một nét cong duy nhất, như cần câu — dễ nhất bảng.
... A106: 104 | B106: ぴょ | C106: ピョ | D106: pyo | E106: 6 | F106: Chưa học | G106: Âm ghép: chữ hàng い + や/ゆ/よ viết nhỏ. Đọc liền thành một âm.

Sheet 8. Bộ thủ 45
A1: 45 BỘ THỦ QUAN TRỌNG — mảnh ghép tạo nên Kanji, học 1 bộ mỗi ngày
A2: Mọi chữ có bộ 言 đều liên quan đến lời nói (話 nói chuyện, 語 ngôn ngữ, 読 đọc). Mọi chữ có bộ 氵 đều liên quan đến nước (海 biển, 酒 rượu, 洗 rửa). Nắm 45 bộ này là bạn đoán được nghĩa của chữ chưa từng gặp.
A3: STT | B3: Bộ thủ | C3: Tên tiếng Nhật | D3: Nghĩa | E3: Kanji chứa bộ này | F3: Mẹo nhớ | G3: Ngày học | H3: Trạng thái
A4: 1 | B4: 人 / 亻 | C4: ひと / にんべん | D4: Người | E4: 人・休・何・今 | F4: 亻 đứng bên trái = dáng người đứng nghiêng | G4: 15 | H4: Chưa học
A5: 2 | B5: 口 | C5: くち | D5: Miệng, cái lỗ | E5: 口・名・右・古 | F5: Ô vuông nhỏ = cái miệng đang mở | G5: 16 | H5: Chưa học
A6: 3 | B6: 日 | C6: ひ / にちへん | D6: Mặt trời, ngày | E6: 日・時・明・早 | F6: Ô vuông có gạch giữa = mặt trời | G6: 17 | H6: Chưa học
A7: 4 | B7: 月 | C7: つき / にくづき | D7: Mặt trăng, tháng, thân thể | E7: 月・前・服 | F7: Trăng khuyết; khi chỉ cơ thể đọc là にくづき | G7: 18 | H7: Chưa học
A8: 5 | B8: 木 | C8: き / きへん | D8: Cây, gỗ | E8: 木・本・校・東 | F8: Thân cây có cành và rễ | G8: 19 | H8: Chưa học
A9: 6 | B9: 水 / 氵 | C9: みず / さんずい | D9: Nước, chất lỏng | E9: 水・海・池・酒 | F9: 氵 ba giọt nước bên trái | G9: 20 | H9: Chưa học
A10: 7 | B10: 火 / 灬 | C10: ひ / れんが | D10: Lửa, nhiệt | E10: 火・点・無・焼 | F10: 灬 bốn chấm dưới = ngọn lửa cháy | G10: 22 | H10: Chưa học
A11: 8 | B11: 土 | C11: つち / つちへん | D11: Đất, nơi chốn | E11: 土・地・場・在 | F11: Chữ thập trên nền đất | G11: 23 | H11: Chưa học
A12: 9 | B12: 金 | C12: かね / かねへん | D12: Kim loại, tiền | E12: 金・銀・鉄・鏡 | F12: Mái nhà che kho báu chôn dưới đất | G12: 24 | H12: Chưa học
A13: 10 | B13: 女 | C13: おんな / おんなへん | D13: Phụ nữ, nữ giới | E13: 女・安・好・姉 | F13: Dáng người phụ nữ đang quỳ | G13: 25 | H13: Chưa học
A14: 11 | B14: 子 | C14: こ / こへん | D14: Con, trẻ nhỏ | E14: 子・学・字・孫 | F14: Em bé quấn tã dang tay | G14: 26 | H14: Chưa học
A15: 12 | B15: 心 / 忄 | C15: こころ / りっしんべん | D15: Trái tim, cảm xúc | E15: 心・思・急・忙 | F15: 忄 là trái tim dựng đứng bên trái | G15: 27 | H15: Chưa học
... A48: 45 | B48: 尸 | C48: しかばね | D48: Mái, thân người nằm | E48: 屋・局・屋 | F48: Người nằm nghiêng / mái che | G48: 66 | H48: Chưa học

Sheet 9. Kanji 103
A1: 103 KANJI N5 — âm Hán Việt, âm On/Kun, số nét, từ ghép và mẹo nhớ
A2: STT | B2: Kanji | C2: Hán Việt | D2: Nghĩa | E2: Âm On (音) | F2: Âm Kun (訓) | G2: Nét | H2: Từ ghép thường gặp | I2: Mẹo nhớ | J2: Ngày học | K2: Trạng thái | L2: ★
A3: 1 | B3: 日 | C3: NHẬT | D3: Ngày, mặt trời | E3: ニチ・ジツ | F3: ひ・か | G3: 4 | H3: 日本 (にほん) Nhật Bản ・ 今日 (きょう) hôm nay ・ 毎日 (まいにち) hằng ngày | I3: Ô vuông có một gạch ở giữa = mặt trời có chấm đen. Mặt trời mọc một lần → một NGÀY. | J3: 15 | K3: Chưa học
A4: 2 | B4: 一 | C4: NHẤT | D4: Một | E4: イチ・イツ | F4: ひと(つ) | G4: 1 | H4: 一つ (ひとつ) một cái ・ 一人 (ひとり) một người ・ 一月 (いちがつ) tháng Một | I4: Một nét ngang = số 1. Dễ nhất trong 103 chữ, nhưng chú ý 一人 đọc bất quy tắc là ひとり. | J4: 15 | K4: Chưa học
A5: 3 | B5: 国 | C5: QUỐC | D5: Đất nước | E5: コク | F5: くに | G5: 8 | H5: 外国 (がいこく) nước ngoài ・ 国語 (こくご) quốc ngữ ・ 中国 (ちゅうごく) Trung Quốc | I5: Bộ 囗 (vòng vây, biên giới) bao lấy 玉 (ngọc quý) = lãnh thổ có biên giới bảo vệ báu vật → QUỐC GIA. | J5: 16 | K5: Chưa học
A6: 4 | B6: 会 | C6: HỘI | D6: Gặp gỡ, hội họp | E6: カイ | F6: あ(う) | G6: 6 | H6: 会社 (かいしゃ) công ty ・ 会います (あいます) gặp ・ 会話 (かいわ) hội thoại | I6: Mái nhà 人 che bên trên, nhiều người tụ lại bên dưới = cuộc HỘI HỌP. | J6: 16 | K6: Chưa học
A7: 5 | B7: 人 | C7: NHÂN | D7: Người | E7: ジン・ニン | F7: ひと | G7: 2 | H7: 日本人 (にほんじん) người Nhật ・ 一人 (ひとり) một người ・ 人口 (じんこう) dân số | I7: Hai nét như hai chân đang bước = dáng NGƯỜI đi. Đuôi 〜人 gắn tên nước = người nước đó. | J7: 17 | K7: Chưa học
A8: 6 | B8: 年 | C8: NIÊN | D8: Năm | E8: ネン | F8: とし | G8: 6 | H8: 今年 (ことし) năm nay ・ 去年 (きょねん) năm ngoái ・ 一年 (いちねん) một năm | I8: Hình cây lúa trĩu hạt. Lúa chín một vụ = trôi qua một NĂM. | J8: 17 | K8: Chưa học
A9: 7 | B9: 大 | C9: ĐẠI | D9: To, lớn | E9: ダイ・タイ | F9: おお(きい) | G9: 3 | H9: 大学 (だいがく) đại học ・ 大きい (おおきい) to ・ 大人 (おとな) người lớn | I9: Người 人 dang rộng hai tay ra hết cỡ để khoe 'to bằng này!' → TO LỚN. | J9: 18 | K9: Chưa học
A10: 8 | B10: 十 | C10: THẬP | D10: Mười | E10: ジュウ | F10: とお | G10: 2 | H10: 十日 (とおか) ngày 10 ・ 二十歳 (はたち) 20 tuổi ・ 十分 (じゅっぷん) 10 phút | I10: Dấu cộng = đủ mười ngón tay của hai bàn tay chắp ngang dọc. | J10: 18 | K10: Chưa học
A11: 9 | B11: 二 | C11: NHỊ | D11: Hai | E11: ニ | F11: ふた(つ) | G11: 2 | H11: 二つ (ふたつ) hai cái ・ 二人 (ふたり) hai người ・ 二月 (にがつ) tháng Hai | I11: Hai nét ngang = số 2. Nét trên ngắn, nét dưới dài — viết ngược là sai. | J11: 19 | K11: Chưa học
A12: 10 | B12: 本 | C12: BẢN / BỔN | D12: Sách, gốc, quyển | E12: ホン | F12: もと | G12: 5 | H12: 本 (ほん) sách ・ 日本 (にほん) Nhật Bản ・ 本屋 (ほんや) hiệu sách | I12: Chữ 木 (cây) thêm một gạch ở gốc rễ = GỐC của cây. Gốc → nguồn gốc → sách (nguồn tri thức). | J12: 19 | K12: Chưa học
A13: 11 | B13: 中 | C13: TRUNG | D13: Ở giữa, bên trong | E13: チュウ | F13: なか | G13: 4 | H13: 中国 (ちゅうごく) Trung Quốc ・ 中 (なか) bên trong ・ 一日中 (いちにちじゅう) suốt cả ngày | I13: Một mũi tên xuyên đúng TÂM của ô vuông = ở GIỮA. | J13: 20 | K13: Chưa học
A14: 12 | B14: 長 | C14: TRƯỜNG / TRƯỞNG | D14: Dài, người đứng đầu | E14: チョウ | F14: なが(い) | G14: 8 | H14: 長い (ながい) dài ・ 社長 (しゃちょう) giám đốc ・ 校長 (こうちょう) hiệu trưởng | I14: Hình một ông cụ tóc DÀI chống gậy. Tóc dài → sống lâu → bậc TRƯỞNG bối. | J14: 20 | K14: Chưa học
... A48: 46 | B48: 来 | C48: LAI | D48: Đến, tới | E48: ライ | F48: く(る) | G48: 7 | H48: 来ます (きます) đến ・ 来年 (らいねん) năm sau ・ 来週 (らいしゅう) tuần sau | I48: Hình cây lúa chín. Mùa gặt ĐẾN. Chú ý chia bất quy tắc: 来る→来ます (きます)→来ない (こない). | J48: 40 | K48: Chưa học
A49: 47 | B49: 気 | C49: KHÍ | D49: Khí, tinh thần, tâm trạng | E49: キ・ケ | G49: 6 | H49: 元気 (げんき) khỏe ・ 天気 (てんき) thời tiết ・ 電気 (でんき) điện | I49: Hơi nước bốc lên từ nồi cơm = KHÍ. Khí trong người = tinh thần, khí ngoài trời = thời tiết. | J49: 41 | K49: Chưa học
A50: 48 | B50: 小 | C50: TIỂU | D50: Nhỏ | E50: ショウ | F50: ちい(さい)・こ | G50: 3 | H50: 小さい (ちいさい) nhỏ ・ 小学校 (しょうがっこう) trường tiểu học ・ 小説 (しょうせつ) tiểu thuyết | I50: Ba chấm bé xíu chụm lại. Ngược với 大. | J50: 41 | K50: Chưa học
A51: 49 | B51: 七 | C51: THẤT | D51: Bảy | E51: シチ | F51: なな(つ) | G51: 2 | H51: 七つ (ななつ) bảy cái ・ 七月 (しちがつ) tháng Bảy ・ 七時 (しちじ) bảy giờ | I51: Giống số 7 viết ngược. Đọc là なな hoặc しち — trong đề thi hay hỏi 七時 (しちじ). | J51: 43 | K51: Chưa học
A52: 50 | B52: 山 | C52: SƠN | D52: Núi | E52: サン | F52: やま | G52: 3 | H52: 山 (やま) núi ・ 富士山 (ふじさん) núi Phú Sĩ ・ 火山 (かざん) núi lửa | I52: Ba đỉnh NÚI nhô lên khỏi mặt đất, đỉnh giữa cao nhất. | J52: 43 | K52: Chưa học
A53: 51 | B53: 話 | C53: THOẠI | D53: Nói chuyện, câu chuyện | E53: ワ | F53: はな(す)・はなし | G53: 13 | H53: 話します (はなします) nói ・ 電話 (でんわ) điện thoại ・ 会話 (かいわ) hội thoại | I53: 言 (lời nói) + 舌 (cái lưỡi) = dùng lưỡi để phát ra lời → NÓI CHUYỆN. | J53: 44 | K53: Chưa học
A54: 52 | B54: 多 | C54: ĐA | D54: Nhiều | E54: タ | F54: おお(い) | G54: 6 | H54: 多い (おおい) nhiều ・ 多分 (たぶん) có lẽ ・ 多数 (たすう) đa số | I54: Hai chữ 夕 (buổi tối) chồng lên nhau = hết tối này đến tối khác, NHIỀU lắm. | J54: 44 | K54: Chưa học
A55: 53 | B55: 安 | C55: AN | D55: Rẻ, yên tâm | E55: アン | F55: やす(い) | G55: 6 | H55: 安い (やすい) rẻ ・ 安心 (あんしん) yên tâm ・ 安全 (あんぜん) an toàn | I55: Bộ 宀 (mái nhà) che chở 女 (người phụ nữ) = ở trong nhà thì AN toàn, yên tâm. Yên tâm mua → giá RẺ. | J55: 45 | K55: Chưa học
A56: 54 | B56: 女 | C56: NỮ | D56: Nữ, phụ nữ | E56: ジョ | F56: おんな | G56: 3 | H56: 女の人 (おんなのひと) phụ nữ ・ 女子 (じょし) nữ giới ・ 彼女 (かのじょ) cô ấy | I56: Dáng người phụ nữ đang quỳ, hai tay đặt trước gối. | J56: 45 | K56: Chưa học
A57: 55 | B57: 北 | C57: BẮC | D57: Hướng bắc | E57: ホク | F57: きた | G57: 5 | H57: 北 (きた) hướng bắc ・ 北海道 (ほっかいどう) Hokkaido ・ 東北 (とうほく) vùng Tohoku | I57: Hai người quay lưng vào nhau vì trời BẮC quá lạnh, phải dựa lưng sưởi ấm. | J57: 46 | K57: Chưa học
A58: 56 | B58: 午 | C58: NGỌ | D58: Giữa trưa | E58: ゴ | G58: 4 | H58: 午前 (ごぜん) buổi sáng ・ 午後 (ごご) buổi chiều ・ 正午 (しょうご) chính ngọ | I58: Giống chữ 牛 (con bò) nhưng thiếu một nét. Giờ NGỌ trong 12 con giáp = 11–13h. | J58: 46 | K58: Chưa học
A59: 57 | B59: 百 | C59: BÁCH | D59: Trăm | E59: ヒャク | G59: 6 | H59: 百 (ひゃく) một trăm ・ 三百 (さんびゃく) ba trăm ・ 八百屋 (やおや) hàng rau | I59: Số 一 (một) đặt trên 白 (trắng) = một trang giấy trắng ghi đủ 100 gạch. | J59: 47 | K59: Chưa học
A60: 58 | B60: 書 | C60: THƯ | D60: Viết | E60: ショ | F60: か(く) | G60: 10 | H60: 書きます (かきます) viết ・ 辞書 (じしょ) từ điển ・ 図書館 (としょかん) thư viện | I60: Phần trên là bàn tay cầm bút, phần dưới là 日 (tờ giấy) = tay cầm bút VIẾT lên giấy. | J60: 47 | K60: Chưa học
A61: 59 | B61: 先 | C61: TIÊN | D61: Trước, đi đầu | E61: セン | F61: さき | G61: 6 | H61: 先生 (せんせい) giáo viên ・ 先月 (せんげつ) tháng trước ・ 先 (さき) phía trước | I61: 先生 = TIÊN SINH = người SINH RA TRƯỚC, đi trước ta → thầy cô. Nhớ theo âm Hán Việt là chắc nhất. | J61: 48 | K61: Chưa học
A62: 60 | B62: 名 | C62: DANH | D62: Tên, nổi tiếng | E62: メイ | F62: な | G62: 6 | H62: 名前 (なまえ) tên ・ 有名 (ゆうめい) nổi tiếng ・ 名刺 (めいし) danh thiếp | I62: 夕 (chiều tối) + 口 (miệng) = trời tối không nhìn rõ mặt, phải xưng TÊN bằng miệng. | J62: 48 | K62: Chưa học
A63: 61 | B63: 川 | C63: XUYÊN | D63: Sông | E63: セン | F63: かわ | G63: 3 | H63: 川 (かわ) sông ・ 川口 (かわぐち) cửa sông ・ 小川 (おがわ) suối nhỏ | I63: Ba đường nước chảy song song = dòng SÔNG nhìn từ trên cao. | J63: 50 | K63: Chưa học
A64: 62 | B64: 千 | C64: THIÊN | D64: Nghìn | E64: セン | F64: ち | G64: 3 | H64: 千 (せん) một nghìn ・ 千円 (せんえん) 1000 yên ・ 三千 (さんぜん) ba nghìn | I64: Chữ 十 (mười) có thêm một nét phẩy trên đầu = mười nhân lên nhiều lần → NGHÌN. | J64: 50 | K64: Chưa học
A65: 63 | B65: 道 | C65: ĐẠO | D65: Đường, con đường | E65: ドウ | F65: みち | G65: 12 | H65: 道 (みち) con đường ・ 北海道 (ほっかいどう) Hokkaido ・ 柔道 (じゅうどう) judo | I65: Bộ 辶 (di chuyển) + 首 (cái đầu) = ngẩng đầu bước đi trên con ĐƯỜNG. | J65: 51 | K65: Chưa học
A66: 64 | B66: 水 | C66: THỦY | D66: Nước | E66: スイ | F66: みず | G66: 4 | H66: 水 (みず) nước ・ 水曜日 (すいようび) thứ Tư ・ 水道 (すいどう) đường ống nước | I66: Dòng nước chảy với các tia bắn ra hai bên. | J66: 51 | K66: Chưa học
A67: 65 | B67: 半 | C67: BÁN | D67: Một nửa, rưỡi | E67: ハン | F67: なか(ば) | G67: 5 | H67: 半分 (はんぶん) một nửa ・ 三時半 (さんじはん) 3 giờ rưỡi ・ 半年 (はんとし) nửa năm | I67: Chữ 八 (chia đôi) đè lên đầu = cắt vật ra làm hai → MỘT NỬA. | J67: 52 | K67: Chưa học
A68: 66 | B68: 男 | C68: NAM | D68: Nam giới | E68: ダン・ナン | F68: おとこ | G68: 7 | H68: 男の人 (おとこのひと) đàn ông ・ 男子 (だんし) nam giới ・ 長男 (ちょうなん) con trai trưởng | I68: 田 (ruộng) + 力 (sức mạnh) = người dùng sức cày ruộng → ĐÀN ÔNG. | J68: 52 | K68: Chưa học
A69: 67 | B69: 西 | C69: TÂY | D69: Hướng tây | E69: セイ・サイ | F69: にし | G69: 6 | H69: 西 (にし) hướng tây ・ 西口 (にしぐち) cửa tây ・ 関西 (かんさい) vùng Kansai | I69: Hình con chim đậu vào tổ khi mặt trời lặn phía TÂY. | J69: 53 | K69: Chưa học
A70: 68 | B70: 電 | C70: ĐIỆN | D70: Điện | E70: デン | G70: 13 | H70: 電車 (でんしゃ) tàu điện ・ 電話 (でんわ) điện thoại ・ 電気 (でんき) đèn/điện | I70: Bộ 雨 (mưa) + 田 + nét móc = tia sét ngoằn ngoèo trong cơn mưa → ĐIỆN. | J70: 53 | K70: Chưa học
A71: 69 | B71: 口 | C71: KHẨU | D71: Miệng, cửa | E71: コウ | F71: くち | G71: 3 | H71: 口 (くち) miệng ・ 入口 (いりぐち) lối vào ・ 人口 (じんこう) dân số | I71: Ô vuông = cái MIỆNG đang há. Từ nghĩa miệng → cái cửa (nơi ra vào). | J71: 54 | K71: Chưa học
A72: 70 | B72: 少 | C72: THIỂU | D72: Ít | E72: ショウ | F72: すく(ない)・すこ(し) | G72: 4 | H72: 少ない (すくない) ít ・ 少し (すこし) một chút ・ 少々 (しょうしょう) một lát | I72: Chữ 小 (nhỏ) bị gạch mất một nét = nhỏ hơn cả nhỏ → ÍT. | J72: 54 | K72: Chưa học
A73: 71 | B73: 校 | C73: HIỆU | D73: Trường học | E73: コウ | G73: 10 | H73: 学校 (がっこう) trường học ・ 高校 (こうこう) cấp 3 ・ 校長 (こうちょう) hiệu trưởng | I73: 木 (gỗ) + 交 (giao nhau) = ngôi nhà gỗ nơi mọi người GIAO LƯU học tập → TRƯỜNG. | J73: 55 | K73: Chưa học
A74: 72 | B74: 語 | C74: NGỮ | D74: Ngôn ngữ, từ | E74: ゴ | F74: かた(る) | G74: 14 | H74: 日本語 (にほんご) tiếng Nhật ・ 英語 (えいご) tiếng Anh ・ 単語 (たんご) từ vựng | I74: 言 (nói) + 五 (năm) + 口 (miệng) = năm cái miệng cùng nói → NGÔN NGỮ. | J74: 55 | K74: Chưa học
A75: 73 | B75: 空 | C75: KHÔNG | D75: Bầu trời, trống | E75: クウ | F75: そら・あ(く) | G75: 8 | H75: 空 (そら) bầu trời ・ 空港 (くうこう) sân bay ・ 空気 (くうき) không khí | I75: Bộ 穴 (cái hang) + 工 = khoảng RỖNG bên trên. Rỗng → bầu trời. | J75: 57 | K75: Chưa học
A76: 74 | B76: 土 | C76: THỔ | D76: Đất | E76: ド | F76: つち | G76: 3 | H76: 土曜日 (どようび) thứ Bảy ・ 土 (つち) đất ・ 土地 (とち) đất đai | I76: Cây mầm cắm xuống mặt ĐẤT. Giống 士 nhưng vạch dưới dài hơn vạch trên. | J76: 57 | K76: Chưa học
A77: 75 | B77: 木 | C77: MỘC | D77: Cây, gỗ | E77: モク・ボク | F77: き | G77: 4 | H77: 木 (き) cây ・ 木曜日 (もくようび) thứ Năm ・ 木村 (きむら) Kimura | I77: Thân cây thẳng, có cành vươn ngang và rễ tỏa xuống. | J77: 58 | K77: Chưa học
A78: 76 | B78: 聞 | C78: VĂN | D78: Nghe, hỏi | E78: ブン | F78: き(く) | G78: 14 | H78: 聞きます (ききます) nghe ・ 新聞 (しんぶん) báo ・ 聞こえます nghe thấy | I78: 門 (cánh cửa) có 耳 (cái tai) áp vào giữa = áp tai vào cửa để NGHE trộm. | J78: 58 | K78: Chưa học
A79: 77 | B79: 食 | C79: THỰC | D79: Ăn | E79: ショク | F79: た(べる) | G79: 9 | H79: 食べます (たべます) ăn ・ 食堂 (しょくどう) nhà ăn ・ 食事 (しょくじ) bữa ăn | I79: Cái mái che 亼 úp trên mâm cơm đầy = bữa ĂN. | J79: 59 | K79: Chưa học
A80: 78 | B80: 車 | C80: XA | D80: Xe | E80: シャ | F80: くるま | G80: 7 | H80: 車 (くるま) ô tô ・ 電車 (でんしゃ) tàu điện ・ 自転車 (じてんしゃ) xe đạp | I80: Nhìn chiếc xe từ trên xuống: trục dọc ở giữa, hai bánh hai bên. | J80: 59 | K80: Chưa học
A81: 79 | B81: 何 | C81: HÀ | D81: Cái gì | E81: カ | F81: なに・なん | G81: 7 | H81: 何 (なに/なん) cái gì ・ 何時 (なんじ) mấy giờ ・ 何人 (なんにん) mấy người | I81: 亻 (người) + 可 = người mở miệng hỏi 'CÁI GÌ?'. Trước か/た/だ đọc なん, còn lại đọc なに. | J81: 60 | K81: Chưa học
A82: 80 | B82: 南 | C82: NAM | D82: Hướng nam | E82: ナン | F82: みなみ | G82: 9 | H82: 南 (みなみ) hướng nam ・ 南口 (みなみぐち) cửa nam ・ 東南 (とうなん) đông nam | I82: Hình cái lều mở về hướng ấm áp phía NAM. | J82: 60 | K82: Chưa học
A83: 81 | B83: 足 | C83: TÚC | D83: Chân, đủ | E83: ソク | F83: あし・た(りる) | G83: 7 | H83: 足 (あし) chân ・ 足ります (たります) đủ ・ 不足 (ふそく) thiếu | I83: 口 (đầu gối) + 止 (bàn chân) = cả cái CHÂN. Có chân đi được → ĐỦ dùng. | J83: 61 | K83: Chưa học
A84: 82 | B84: 万 | C84: VẠN | D84: Vạn (10.000) | E84: マン・バン | G84: 3 | H84: 一万円 (いちまんえん) 10.000 yên ・ 万年筆 (まんねんひつ) bút máy ・ 万一 (まんいち) lỡ như | I84: Ba nét đơn giản. Nhớ: 10.000 yên = 一万円, tờ tiền lớn nhất của Nhật. | J84: 61 | K84: Chưa học
A85: 83 | B85: 店 | C85: ĐIẾM | D85: Cửa hàng | E85: テン | F85: みせ | G85: 8 | H85: 店 (みせ) cửa hàng ・ 喫茶店 (きっさてん) quán cà phê ・ 店員 (てんいん) nhân viên bán hàng | I85: Bộ 广 (mái hiên) che 占 (chiếm chỗ) = dựng mái chiếm một chỗ ngoài phố để bán → CỬA HÀNG. | J85: 62 | K85: Chưa học
A86: 84 | B86: 毎 | C86: MỖI | D86: Mỗi, hằng | E86: マイ | G86: 6 | H86: 毎日 (まいにち) hằng ngày ・ 毎朝 (まいあさ) mỗi sáng ・ 毎年 (まいとし) hằng năm | I86: Có bộ 母 (mẹ) bên trong = MỖI ngày mẹ đều lo cho ta. | J86: 62 | K86: Chưa học
A87: 85 | B87: 白 | C87: BẠCH | D87: Trắng | E87: ハク | F87: しろ(い) | G87: 5 | H87: 白い (しろい) trắng ・ 白 (しろ) màu trắng ・ 面白い (おもしろい) thú vị | I87: Chữ 日 (mặt trời) có thêm một tia sáng nhô lên = ánh sáng chói → TRẮNG. | J87: 64 | K87: Chưa học
A88: 86 | B88: 古 | C88: CỔ | D88: Cũ | E88: コ | F88: ふる(い) | G88: 5 | H88: 古い (ふるい) cũ ・ 中古 (ちゅうこ) đồ cũ ・ 古本 (ふるほん) sách cũ | I88: 十 (mười) + 口 (miệng) = câu chuyện truyền qua mười cái miệng thì đã rất CŨ. | J88: 64 | K88: Chưa học
A89: 87 | B89: 天 | C89: THIÊN | D89: Trời | E89: テン | G89: 4 | H89: 天気 (てんき) thời tiết ・ 天ぷら (てんぷら) món tempura ・ 天国 (てんごく) thiên đường | I89: Chữ 大 (người dang tay) có một vạch trần bên trên = bầu TRỜI ở trên đầu người. | J89: 65 | K89: Chưa học
A90: 88 | B90: 買 | C90: MÃI | D90: Mua | E90: バイ | F90: か(う) | G90: 12 | H90: 買います (かいます) mua ・ 買い物 (かいもの) việc mua sắm ・ 売買 (ばいばい) mua bán | I90: Cái lưới 罒 chụp lên 貝 (vỏ sò = tiền) = gom tiền lại để MUA. | J90: 65 | K90: Chưa học
A91: 89 | B91: 週 | C91: CHU | D91: Tuần | E91: シュウ | G91: 11 | H91: 今週 (こんしゅう) tuần này ・ 来週 (らいしゅう) tuần sau ・ 週末 (しゅうまつ) cuối tuần | I91: Bộ 辶 (di chuyển) + 周 (vòng quanh) = đi hết một VÒNG bảy ngày → một TUẦN. | J91: 66 | K91: Chưa học
A92: 90 | B92: 母 | C92: MẪU | D92: Mẹ | E92: ボ | F92: はは・かあ | G92: 5 | H92: 母 (はは) mẹ tôi ・ お母さん (おかあさん) mẹ ・ 母国 (ぼこく) tổ quốc | I92: Hình người phụ nữ với hai chấm là bầu ngực nuôi con → MẸ. | J92: 66 | K92: Chưa học
A93: 91 | B93: 火 | C93: HỎA | D93: Lửa | E93: カ | F93: ひ | G93: 4 | H93: 火曜日 (かようび) thứ Ba ・ 火 (ひ) lửa ・ 花火 (はなび) pháo hoa | I93: Ngọn LỬA đang cháy với các tia bắn ra hai bên. | J93: 67 | K93: Chưa học
A94: 92 | B94: 花 | C94: HOA | D94: Hoa | E94: カ | F94: はな | G94: 7 | H94: 花 (はな) hoa ・ 花見 (はなみ) ngắm hoa ・ 生け花 (いけばな) cắm hoa | I94: Bộ 艹 (cỏ cây) + 化 (biến hóa) = cây cỏ biến hóa thành thứ đẹp đẽ → HOA. | J94: 67 | K94: Chưa học
A95: 93 | B95: 右 | C95: HỮU | D95: Bên phải | E95: ウ・ユウ | F95: みぎ | G95: 5 | H95: 右 (みぎ) bên phải ・ 右手 (みぎて) tay phải ・ 左右 (さゆう) trái phải | I95: Bàn tay đưa lên che 口 (miệng) khi ăn = tay PHẢI (tay cầm đũa). Phân biệt với 左 bằng chữ 口 bên dưới. | J95: 68 | K95: Chưa học
A96: 94 | B96: 読 | C96: ĐỘC | D96: Đọc | E96: ドク | F96: よ(む) | G96: 14 | H96: 読みます (よみます) đọc ・ 読書 (どくしょ) việc đọc sách ・ 音読み (おんよみ) âm On | I96: 言 (lời nói) + 売 (bán) = đọc to lời rao bán hàng → ĐỌC. | J96: 68 | K96: Chưa học
A97: 95 | B97: 友 | C97: HỮU | D97: Bạn bè | E97: ユウ | F97: とも | G97: 4 | H97: 友だち (ともだち) bạn bè ・ 親友 (しんゆう) bạn thân ・ 友情 (ゆうじょう) tình bạn | I97: Hai bàn tay nắm lấy nhau = tình BẠN. | J97: 69 | K97: Chưa học
A98: 96 | B98: 左 | C98: TẢ | D98: Bên trái | E98: サ | F98: ひだり | G98: 5 | H98: 左 (ひだり) bên trái ・ 左手 (ひだりて) tay trái ・ 左折 (させつ) rẽ trái | I98: Bàn tay đưa lên cầm 工 (dụng cụ) = tay TRÁI giữ đồ. Nhớ: 左 có 工, 右 có 口. | J98: 69 | K98: Chưa học
A99: 97 | B99: 休 | C99: HƯU | D99: Nghỉ ngơi | E99: キュウ | F99: やす(む) | G99: 6 | H99: 休みます (やすみます) nghỉ ・ 休み (やすみ) kỳ nghỉ ・ 休日 (きゅうじつ) ngày nghỉ | I99: 亻 (người) tựa vào 木 (gốc cây) = ngồi dựa gốc cây NGHỈ mát. Hình ảnh dễ nhớ nhất trong 103 chữ. | J99: 71 | K99: Chưa học
A100: 98 | B100: 父 | C100: PHỤ | D100: Bố | E100: フ | F100: ちち・とう | G100: 4 | H100: 父 (ちち) bố tôi ・ お父さん (おとうさん) bố ・ 父母 (ふぼ) cha mẹ | I100: Hình hai cánh tay giơ cây roi — người BỐ nghiêm khắc ngày xưa. | J100: 71 | K100: Chưa học
A101: 99 | B101: 駅 | C101: DỊCH | D101: Nhà ga | E101: エキ | G101: 14 | H101: 駅 (えき) nhà ga ・ 東京駅 (とうきょうえき) ga Tokyo ・ 駅前 (えきまえ) trước ga | I101: 馬 (con ngựa) + 尺 = trạm đổi ngựa ngày xưa, nay là NHÀ GA tàu. | J101: 72 | K101: Chưa học
A102: 100 | B102: 雨 | C102: VŨ | D102: Mưa | E102: ウ | F102: あめ | G102: 8 | H102: 雨 (あめ) mưa ・ 大雨 (おおあめ) mưa to ・ 梅雨 (つゆ) mùa mưa | I102: Đám mây bên trên, bốn giọt nước rơi xuống bên dưới → MƯA. | J102: 73 | K102: Chưa học
A103: 101 | B103: 飲 | C103: ẨM | D103: Uống | E103: イン | F103: の(む) | G103: 12 | H103: 飲みます (のみます) uống ・ 飲み物 (のみもの) đồ uống ・ 飲食 (いんしょく) ăn uống | I103: 食 (ăn) + 欠 (há miệng) = há miệng ngửa cổ ra → UỐNG. | J103: 74 | K103: Chưa học
A104: 102 | B104: 魚 | C104: NGƯ | D104: Cá | E104: ギョ | F104: さかな | G104: 11 | H104: 魚 (さかな) cá ・ 金魚 (きんぎょ) cá vàng ・ 魚屋 (さかなや) hàng cá | I104: Từ trên xuống: đầu cá, thân có vảy, bốn chấm dưới là cái đuôi xòe. | J104: 75 | K104: Chưa học
A105: 103 | B105: 耳 | C105: NHĨ | D105: Tai | E105: ジ | F105: みみ | G105: 6 | H105: 耳 (みみ) tai ・ 耳鼻科 (じびか) khoa tai mũi họng ・ 中耳炎 (ちゅうじえん) viêm tai giữa | I105: Hình vành TAI với các nếp gấp bên trong. | J105: 76 | K105: Chưa học

Sheet 10. Ngữ pháp Minna
A1: 112 MẪU NGỮ PHÁP THEO MINNA NO NIHONGO I — mỗi mẫu có câu ví dụ và bản dịch
A2: STT | B2: Mẫu ngữ pháp | C2: Cách dùng | D2: Ví dụ | E2: Dịch nghĩa | F2: Ngày học | G2: Trạng thái
A3: ▌ BÀI 1 · Chào hỏi & Giới thiệu bản thân
A4: 1 | B4: N1 は N2 です | C4: N1 là N2. は đọc là 'wa' khi làm trợ từ chủ đề. | D4: わたしは グエンです。 | E4: Tôi là Nguyễn. | F4: 15 | G4: Chưa học
A5: 2 | B5: N1 は N2 じゃ ありません | C5: N1 không phải là N2. Văn viết dùng では ありません. | D5: わたしは 学生じゃ ありません。 | E5: Tôi không phải là học sinh. | F5: 15 | G5: Chưa học
A6: 3 | B6: N1 は N2 ですか | C6: N1 có phải là N2 không? Thêm か cuối câu là thành câu hỏi. | D6: ミラーさんは アメリカ人ですか。 | E6: Anh Miller là người Mỹ phải không? | F6: 15 | G6: Chưa học
A7: 4 | B7: N も | C7: N cũng. Thay thế vị trí của は. | D7: わたしも ベトナム人です。 | E7: Tôi cũng là người Việt Nam. | F7: 16 | G7: Chưa học
A8: 5 | B8: N1 の N2 | C8: N2 thuộc về / của N1. | D8: わたしは ABCの 社員です。 | E8: Tôi là nhân viên của công ty ABC. | F8: 16 | G8: Chưa học
A9: ▌ BÀI 2 · これ・それ・あれ — Chỉ đồ vật
A10: 6 | B10: これ / それ / あれ | C10: Cái này (gần tôi) / cái đó (gần bạn) / cái kia (xa cả hai). Đứng một mình như danh từ. | D10: これは 本です。 | E10: Cái này là quyển sách. | F10: 17 | G10: Chưa học
A11: 7 | B11: この N / その N / あの N | C11: N này / N đó / N kia. Bắt buộc phải có danh từ đi sau. | D11: この 本は わたしのです。 | E11: Quyển sách này là của tôi. | F11: 17 | G11: Chưa học
A12: 8 | B12: そうです / そうじゃ ありません | C12: Đúng vậy / Không phải vậy. Dùng trả lời câu hỏi có–không. | D12: はい、そうです。 | E12: Vâng, đúng vậy. | F12: 17 | G12: Chưa học
A13: 9 | B13: N1 の N2 (chất liệu, chủ đề) | C13: N2 làm bằng / nói về N1. | D13: これは 日本語の 本です。 | E13: Đây là sách tiếng Nhật. | F13: 18 | G13: Chưa học
A14: 10 | B14: 〜は 〜ですか、〜ですか | C14: Câu hỏi lựa chọn: A hay B? | D14: これは ペンですか、えんぴつですか。 | E14: Cái này là bút bi hay bút chì? | F14: 18 | G14: Chưa học
A15: ▌ BÀI 3 · ここ・そこ・あそこ — Chỉ nơi chốn
A16: 11 | B16: ここ / そこ / あそこ | C16: Chỗ này / chỗ đó / chỗ kia. | D16: ここは 教室です。 | E16: Đây là phòng học. | F16: 19 | G16: Chưa học
A17: 12 | B17: こちら / そちら / あちら | C17: Phía này / phía đó / phía kia. Lịch sự hơn, cũng dùng chỉ người. | D17: こちらは 田中さんです。 | E17: Đây là anh Tanaka. | F17: 19 | G17: Chưa học
A18: 13 | B18: N は 場所 です | C18: N ở chỗ nào đó. | D18: 電話は 2階です。 | E18: Điện thoại ở tầng 2. | F18: 19 | G18: Chưa học
A19: 14 | B19: N は どこですか | C19: N ở đâu? | D19: トイレは どこですか。 | E19: Nhà vệ sinh ở đâu ạ? | F19: 20 | G19: Chưa học
A20: 15 | B20: いくらですか | C20: Bao nhiêu tiền? | D20: この かばんは いくらですか。 | E20: Cái túi này bao nhiêu tiền? | F20: 20 | G20: Chưa học
A21: ▌ BÀI 4 · Giờ giấc & Thì của động từ
A22: 16 | B22: 今 〜時 〜分です | C22: Bây giờ là ~ giờ ~ phút. | D22: 今 4時5分です。 | E22: Bây giờ là 4 giờ 5 phút. | F22: 22 | G22: Chưa học
A23: 17 | B23: V ます / V ません | C23: Thể lịch sự hiện tại–tương lai, khẳng định và phủ định. | D23: わたしは 毎日 6時に 起きます。 | E23: Tôi thức dậy lúc 6 giờ mỗi ngày. | F23: 22 | G23: Chưa học
A24: 18 | B24: V ました / V ませんでした | C24: Thể lịch sự quá khứ, khẳng định và phủ định. | D24: きのう 勉強しませんでした。 | E24: Hôm qua tôi đã không học bài. | F24: 22 | G24: Chưa học
A25: 19 | B25: 時間 に V | C25: Làm gì vào lúc mấy giờ. に chỉ đi với mốc thời gian có con số. | D25: 7時に 起きます。 | E25: Tôi dậy lúc 7 giờ. | F25: 23 | G25: Chưa học
A26: 20 | B26: N1 から N2 まで | C26: Từ N1 đến N2 (thời gian hoặc nơi chốn). | D26: 9時から 5時まで 働きます。 | E26: Tôi làm việc từ 9 giờ đến 5 giờ. | F26: 23 | G26: Chưa học
A27: 21 | B27: N1 と N2 | C27: N1 và N2. Chỉ nối danh từ, không nối câu. | D27: 月曜日と 火曜日 | E27: Thứ Hai và thứ Ba. | F27: 23 | G27: Chưa học
A28: ▌ BÀI 5 · Đi lại — Phương tiện & Điểm đến
A29: 22 | B29: 場所 へ 行きます / 来ます / 帰ります | C29: Đi / đến / về nơi nào đó. へ đọc là 'e'. | D29: あした 東京へ 行きます。 | E29: Ngày mai tôi đi Tokyo. | F29: 24 | G29: Chưa học
A30: 23 | B30: どこ[へ]も 行きません | C30: Không đi đâu cả. も thay chỗ trợ từ để phủ định toàn bộ. | D30: どこも 行きませんでした。 | E30: Tôi đã chẳng đi đâu cả. | F30: 24 | G30: Chưa học
A31: 24 | B31: 乗り物 で 行きます | C31: Đi bằng phương tiện gì. Riêng 'đi bộ' là 歩いて, không dùng で. | D31: 電車で 会社へ 行きます。 | E31: Tôi đi làm bằng tàu điện. | F31: 24 | G31: Chưa học
A32: 25 | B32: 人 と V | C32: Làm gì cùng với ai. Một mình thì nói 一人で. | D32: 友だちと 日本へ 来ました。 | E32: Tôi đã đến Nhật cùng với bạn. | F32: 25 | G32: Chưa học
A33: 26 | B33: いつ V ますか | C33: Khi nào thì làm gì? いつ không đi kèm trợ từ に. | D33: いつ 日本へ 来ましたか。 | E33: Bạn đến Nhật khi nào? | F33: 25 | G33: Chưa học
A34: ▌ BÀI 6 · Tân ngữ を & Rủ rê
A35: 27 | B35: N を V | C35: を là trợ từ đánh dấu tân ngữ — vật chịu tác động của động từ. | D35: ごはんを 食べます。 | E35: Tôi ăn cơm. | F35: 26 | G35: Chưa học
A36: 28 | B36: N を します | C36: Làm gì đó / chơi môn gì đó. | D36: サッカーを します。 | E36: Tôi chơi bóng đá. | F36: 26 | G36: Chưa học
A37: 29 | B37: 場所 で V | C37: Làm gì TẠI nơi nào. で chỉ nơi diễn ra hành động. | D37: 図書館で 本を 読みます。 | E37: Tôi đọc sách ở thư viện. | F37: 26 | G37: Chưa học
A38: 30 | B38: いっしょに V ませんか | C38: Cùng làm ~ nhé? Lời mời lịch sự, dễ từ chối. | D38: いっしょに 昼ごはんを 食べませんか。 | E38: Cùng ăn trưa nhé? | F38: 27 | G38: Chưa học
A39: 31 | B39: V ましょう | C39: Nào cùng làm ~. Mạnh hơn ませんか, đã thống nhất rồi. | D39: ちょっと 休みましょう。 | E39: Nghỉ một chút nào. | F39: 27 | G39: Chưa học
A40: ▌ BÀI 7 · Cho & Nhận, Công cụ で
A41: 32 | B41: 道具 で V | C41: Làm gì BẰNG công cụ / phương tiện gì. | D41: はしで 食べます。 | E41: Tôi ăn bằng đũa. | F41: 29 | G41: Chưa học
A42: 33 | B42: N を あげます | C42: Cho, tặng (từ tôi → người khác). Không dùng khi người nhận là cấp trên. | D42: 友だちに 花を あげました。 | E42: Tôi đã tặng hoa cho bạn. | F42: 29 | G42: Chưa học
A43: 34 | B43: N を もらいます | C43: Nhận được (từ ai đó → tôi). | D43: 山田さんに 本を もらいました。 | E43: Tôi đã nhận sách từ anh Yamada. | F43: 29 | G43: Chưa học
A44: 35 | B44: もう V ました | C44: Đã làm ~ rồi. Trả lời phủ định là まだです (chưa). | D44: もう 昼ごはんを 食べましたか。 | E44: Bạn ăn trưa chưa? | F44: 30 | G44: Chưa học
A45: 36 | B45: 〜語 で 何ですか | C45: Cái này tiếng ~ gọi là gì? | D45: これは 日本語で 何ですか。 | E45: Cái này tiếng Nhật gọi là gì? | F45: 30 | G45: Chưa học
A46: ▌ BÀI 8 · Tính từ
A47: 37 | B47: い-adj + です | C47: Tính từ đuôi い. Phủ định: bỏ い thêm くないです. | D47: この かばんは 高いです。 | E47: Cái túi này đắt. | F47: 31 | G47: Chưa học
A48: 38 | B48: な-adj + です | C48: Tính từ đuôi な. Phủ định: じゃ ありません. | D48: この 町は 静かじゃ ありません。 | E48: Thị trấn này không yên tĩnh. | F48: 31 | G48: Chưa học
A49: 39 | B49: Adj + N | C49: Tính từ bổ nghĩa danh từ. な-adj phải giữ な: 静かな 町. | D49: 新しい 車を 買いました。 | E49: Tôi đã mua một chiếc xe mới. | F49: 31 | G49: Chưa học
A50: 40 | B50: N は どうですか | C50: N thế nào? Hỏi cảm nhận. | D50: 日本の 生活は どうですか。 | E50: Cuộc sống ở Nhật thế nào? | F50: 32 | G50: Chưa học
A51: 41 | B51: 〜が、〜 | C51: Nhưng. Nối hai vế trái ngược. | D51: この 部屋は 狭いですが、きれいです。 | E51: Phòng này chật nhưng sạch đẹp. | F51: 32 | G51: Chưa học
A52: ▌ BÀI 9 · Thích / Giỏi / Có & Lý do から
A53: 42 | B53: N が 好き / 嫌い / 上手 / 下手 です | C53: Thích / ghét / giỏi / kém. Đối tượng đi với が, KHÔNG dùng を. | D53: わたしは 日本語が 好きです。 | E53: Tôi thích tiếng Nhật. | F53: 33 | G53: Chưa học
A54: 43 | B54: N が あります / わかります | C54: Có (sự kiện, khả năng) / hiểu. Cũng dùng が. | D54: ひらがなが わかります。 | E54: Tôi hiểu chữ Hiragana. | F54: 33 | G54: Chưa học
A55: 44 | B55: 〜から、〜 | C55: Vì ~ nên ~. Vế lý do đứng TRƯỚC. | D55: 時間が ありませんから、行きません。 | E55: Vì không có thời gian nên tôi không đi. | F55: 33 | G55: Chưa học
A56: 45 | B56: どうして〜か | C56: Tại sao? Trả lời bằng 〜からです. | D56: どうして 来ませんでしたか。 | E56: Tại sao bạn đã không đến? | F56: 34 | G56: Chưa học
A57: 46 | B57: よく / だいたい / たくさん / 少し / あまり / 全然 | C57: Trạng từ mức độ. あまり và 全然 luôn đi với phủ định. | D57: あまり わかりません。 | E57: Tôi không hiểu lắm. | F57: 34 | G57: Chưa học
A58: ▌ BÀI 10 · Tồn tại — あります / います & Vị trí
A59: 47 | B59: 場所 に N が あります / います | C59: Ở nơi nào đó CÓ cái gì. あります cho vật, います cho người và động vật. | D59: 部屋に 猫が います。 | E59: Trong phòng có con mèo. | F59: 36 | G59: Chưa học
A60: 48 | B60: N は 場所 に あります / います | C60: Cái gì đó Ở đâu. Đảo lại khi N là chủ đề đã biết. | D60: 田中さんは 事務所に います。 | E60: Anh Tanaka đang ở văn phòng. | F60: 36 | G60: Chưa học
A61: 49 | B61: N1 の N2 (vị trí) | C61: N2 chỉ vị trí: 上/下/前/後ろ/中/外/隣/近く/間. | D61: 机の 上に 本が あります。 | E61: Trên bàn có quyển sách. | F61: 37 | G61: Chưa học
A62: 50 | B62: N1 や N2 (など) | C62: N1, N2, vân vân. Liệt kê không đầy đủ, khác với と (đầy đủ). | D62: 机の 上に 本や ノートが あります。 | E62: Trên bàn có sách, vở, v.v. | F62: 37 | G62: Chưa học
A63: ▌ BÀI 11 · Số đếm & Lượng từ
A64: 51 | B64: 〜つ (1〜10) | C64: Đếm vật chung: ひとつ, ふたつ, みっつ... Từ 11 trở đi dùng 〜個. | D64: みかんを 三つ 買いました。 | E64: Tôi đã mua ba quả quýt. | F64: 38 | G64: Chưa học
A65: 52 | B65: 〜人 / 〜台 / 〜枚 / 〜冊 | C65: Đếm người / máy móc, xe / vật mỏng dẹt / sách vở. | D65: 教室に 学生が 五人 います。 | E65: Trong lớp có 5 học sinh. | F65: 38 | G65: Chưa học
A66: 53 | B66: 〜回 / 〜時間 / 〜週間 / 〜か月 / 〜年 | C66: Số lần và khoảng thời gian. | D66: 一週間に 二回 日本語を 勉強します。 | E66: Mỗi tuần tôi học tiếng Nhật hai lần. | F66: 38 | G66: Chưa học
A67: 54 | B67: 期間 に 回数 | C67: Bao nhiêu lần trong một khoảng thời gian. | D67: 一か月に 三回 映画を 見ます。 | E67: Mỗi tháng tôi xem phim ba lần. | F67: 39 | G67: Chưa học
A68: 55 | B68: Số lượng + だけ / しか〜ない | C68: Chỉ có ~. しか luôn đi với phủ định. | D68: 千円しか ありません。 | E68: Tôi chỉ có 1000 yên. | F68: 39 | G68: Chưa học
A69: ▌ BÀI 12 · Quá khứ của tính từ & So sánh
A70: 56 | B70: Adj quá khứ | C70: い-adj: 〜かったです / 〜くなかったです. な-adj & N: 〜でした / 〜じゃ ありませんでした. | D70: きのうは 寒かったです。 | E70: Hôm qua trời đã lạnh. | F70: 40 | G70: Chưa học
A71: 57 | B71: N1 は N2 より Adj です | C71: N1 thì ~ hơn N2. | D71: この 車は あの 車より 高いです。 | E71: Chiếc xe này đắt hơn chiếc xe kia. | F71: 40 | G71: Chưa học
A72: 58 | B72: N1 と N2 と どちらが Adj ですか | C72: Giữa N1 và N2, cái nào ~ hơn? | D72: 肉と 魚と どちらが 好きですか。 | E72: Bạn thích thịt hay cá hơn? | F72: 41 | G72: Chưa học
A73: 59 | B73: N1 [の中] で 何/どこ/だれ が いちばん Adj ですか | C73: Trong nhóm N1, cái/nơi/ai nhất? | D73: 日本料理で 何が いちばん おいしいですか。 | E73: Trong món Nhật, món nào ngon nhất? | F73: 41 | G73: Chưa học
A74: ▌ BÀI 13 · Mong muốn — たい & ほしい
A75: 60 | B75: N が ほしいです | C75: Muốn có N (đồ vật). Chỉ dùng cho ngôi thứ nhất và câu hỏi ngôi thứ hai. | D75: 新しい 車が ほしいです。 | E75: Tôi muốn có một chiếc xe mới. | F75: 43 | G75: Chưa học
A76: 61 | B76: V ます-stem + たいです | C76: Muốn làm gì. Tân ngữ có thể dùng を hoặc が. | D76: 日本へ 行きたいです。 | E76: Tôi muốn đi Nhật. | F76: 43 | G76: Chưa học
A77: 62 | B77: 場所 へ V ます-stem に 行きます / 来ます / 帰ります | C77: Đi/đến/về nơi nào ĐỂ làm gì. | D77: デパートへ 買い物に 行きます。 | E77: Tôi đi siêu thị để mua sắm. | F77: 44 | G77: Chưa học
A78: 63 | B78: N (danh động từ) に 行きます | C78: Đi để làm việc gì đó (với danh từ hành động). | D78: 日本へ 勉強に 来ました。 | E78: Tôi đến Nhật để học. | F78: 44 | G78: Chưa học
A79: ▌ BÀI 14 · Thể て & Yêu cầu
A80: 64 | B80: Cách chia thể て | C80: Nhóm I: き→いて, ぎ→いで, み/び/に→んで, ち/り/い→って, し→して (行きます→行って là ngoại lệ). Nhóm II: bỏ ます thêm て. Nhóm III: します→して, 来ます→来て. | D80: 書きます → 書いて / 飲みます → 飲んで | E80: viết → viết rồi / uống → uống rồi | F80: 45 | G80: Chưa học
A81: 65 | B81: V て ください | C81: Xin hãy làm ~. Lời nhờ vả hoặc chỉ dẫn. | D81: ちょっと 待って ください。 | E81: Xin hãy đợi một chút. | F81: 45 | G81: Chưa học
A82: 66 | B82: V て います | C82: Đang làm ~ (hành động đang diễn ra). | D82: 今 雨が 降って います。 | E82: Bây giờ trời đang mưa. | F82: 46 | G82: Chưa học
A83: 67 | B83: V ましょうか | C83: Để tôi ~ nhé? Đề nghị giúp đỡ. | D83: 荷物を 持ちましょうか。 | E83: Để tôi xách hành lý cho nhé? | F83: 47 | G83: Chưa học
A84: ▌ BÀI 15 · Cho phép & Cấm đoán
A85: 68 | B85: V て も いいです | C85: Được phép làm ~. | D85: 写真を 撮っても いいですか。 | E85: Tôi chụp ảnh có được không? | F85: 48 | G85: Chưa học
A86: 69 | B86: V て は いけません | C86: Không được làm ~ (cấm đoán). | D86: ここで たばこを 吸っては いけません。 | E86: Không được hút thuốc ở đây. | F86: 48 | G86: Chưa học
A87: 70 | B87: V て います (trạng thái) | C87: Diễn tả trạng thái kéo dài, nghề nghiệp, thói quen. | D87: わたしは 銀行で 働いて います。 | E87: Tôi đang làm việc tại ngân hàng. | F87: 50 | G87: Chưa học
A88: 71 | B88: 〜を 知って います / 知りません | C88: Biết / không biết. Chú ý: phủ định KHÔNG phải 知って いません. | D88: 田中さんの 電話番号を 知って いますか。 | E88: Bạn có biết số điện thoại của anh Tanaka không? | F88: 50 | G88: Chưa học
A89: ▌ BÀI 16 · Nối câu bằng thể て
A90: 72 | B90: V1 て、V2 て、V3 | C90: Làm V1 rồi V2 rồi V3 — nối các hành động theo trình tự thời gian. | D90: 朝 起きて、シャワーを 浴びて、会社へ 行きます。 | E90: Sáng dậy, tắm rồi đi làm. | F90: 51 | G90: Chưa học
A91: 73 | B91: V1 て から、V2 | C91: Sau khi làm V1 thì làm V2. Nhấn mạnh thứ tự. | D91: 宿題を してから、遊びます。 | E91: Sau khi làm bài tập xong thì tôi chơi. | F91: 51 | G91: Chưa học
A92: 74 | B92: N は N が Adj です | C92: Chủ đề N có đặc điểm gì đó. Câu hai tầng chủ ngữ. | D92: 東京は 人が 多いです。 | E92: Tokyo thì đông người. | F92: 51 | G92: Chưa học
A93: 75 | B93: Adj て / で (nối tính từ) | C93: い-adj: bỏ い thêm くて. な-adj và N: thêm で. | D93: この 部屋は 広くて、明るいです。 | E93: Phòng này rộng và sáng. | F93: 52 | G93: Chưa học
A94: 76 | B94: どうやって〜か | C94: Làm như thế nào? Hỏi cách thức, lộ trình. | D94: 駅まで どうやって 行きますか。 | E94: Đi đến ga bằng cách nào? | F94: 52 | G94: Chưa học
A95: ▌ BÀI 17 · Thể ない — Cấm, Bắt buộc, Không cần
A96: 77 | B96: Cách chia thể ない | C96: Nhóm I: đổi hàng い sang hàng あ + ない (飲みます→飲まない). Nhóm II: bỏ ます thêm ない. Nhóm III: します→しない, 来ます→来ない (こない). | D96: 行きます → 行かない | E96: đi → không đi | F96: 53 | G96: Chưa học
A97: 78 | B97: V ない で ください | C97: Xin đừng làm ~. | D97: ここに 車を 止めないで ください。 | E97: Xin đừng đỗ xe ở đây. | F97: 53 | G97: Chưa học
A98: 79 | B98: V なければ なりません | C98: Phải làm ~ (bắt buộc). Bỏ ない thêm ければ なりません. | D98: 毎日 薬を 飲まなければ なりません。 | E98: Tôi phải uống thuốc mỗi ngày. | F98: 54 | G98: Chưa học
A99: 80 | B99: V なくても いいです | C99: Không cần phải làm ~. | D99: あした 来なくても いいです。 | E99: Ngày mai bạn không cần đến cũng được. | F99: 54 | G99: Chưa học
A100: 81 | B100: 時 まで に V | C100: Phải làm gì trước thời hạn nào. | D100: 5時までに 帰ります。 | E100: Tôi sẽ về trước 5 giờ. | F100: 55 | G100: Chưa học
...

Sheet 11. Từ vựng 350
A1: 350 TỪ VỰNG TRỌNG TÂM THEO MINNA BÀI 1–25 — mỗi từ kèm một mẹo nhớ
A2: Ưu tiên số 1 là ÂM HÁN VIỆT: 先生 TIÊN SINH, 会社員 HỘI XÃ VIÊN, 図書館 ĐỒ THƯ QUÁN. Với từ thuần kana thì dùng liên tưởng âm thanh hoặc hình ảnh. Học xong mỗi ngày nhớ đối chiếu thêm mục 語彙 của bài đó trong sách Minna.
A3: STT | B3: Từ (kana) | C3: Kanji | D3: Nghĩa tiếng Việt | E3: 💡 Mẹo nhớ | F3: Ngày học | G3: Trạng thái | H3: Câu ví dụ bạn tự đặt
A4: ▌ BÀI 1 · Chào hỏi & Giới thiệu bản thân (14 từ)
A5: 1 | B5: わたし | C5: 私 | D5: Tôi | E5: Kanji 私 = 禾 (lúa) + ム (riêng) → phần lúa riêng của mình = TÔI. | F5: 15 | G5: Chưa học
A6: 2 | B6: あなた | D6: Bạn, anh/chị | E6: A-NA-TA nghe gần như 'anh ta' — người đối diện mình. | F6: 15 | G6: Chưa học
A7: 3 | B7: せんせい | C7: 先生 | D7: Giáo viên | E7: Âm Hán Việt TIÊN SINH = người sinh ra trước, đi trước ta → thầy cô. | F7: 15 | G7: Chưa học
A8: 4 | B8: がくせい | C8: 学生 | D8: Học sinh, sinh viên | E8: HỌC SINH — 学 (học) + 生 (sinh). Đọc thẳng âm Hán Việt là ra. | F8: 15 | G8: Chưa học
A9: 5 | B9: かいしゃいん | C9: 会社員 | D9: Nhân viên công ty | E9: HỘI XÃ VIÊN = 会 (hội) + 社 (xã) + 員 (viên). | F9: 15 | G9: Chưa học
A10: 6 | B10: いしゃ | C10: 医者 | D10: Bác sĩ | E10: Y GIẢ = người làm nghề y. 者 (giả) = người, gặp lại ở 学者, 記者. | F10: 15 | G10: Chưa học
A11: 7 | B11: ぎんこういん | C11: 銀行員 | D11: Nhân viên ngân hàng | E11: NGÂN HÀNH VIÊN. 銀行 = ngân hàng, thêm 員 thành người làm ở đó. | F11: 15 | G11: Chưa học
A12: 8 | B12: だいがく | C12: 大学 | D12: Đại học | E12: ĐẠI HỌC — chuẩn âm Hán Việt, không cần mẹo gì thêm. | F12: 16 | G12: Chưa học
A13: 9 | B13: なまえ | C13: 名前 | D13: Tên | E13: DANH TIỀN = cái danh đặt phía trước. Nhớ 名 (danh) + 前 (tiền/trước). | F13: 16 | G13: Chưa học
A14: 10 | B14: だれ / どなた | D14: Ai (どなた lịch sự hơn) | E14: DA-RE: 'Đá rê' bóng cho AI? どなた dùng khi hỏi người trên. | F14: 16 | G14: Chưa học
A15: 11 | B15: 〜さん | D15: Hậu tố lịch sự sau tên người | E15: Không bao giờ dùng さん cho chính mình. | F15: 16 | G15: Chưa học
A16: 12 | B16: 〜じん | C16: 〜人 | D16: Người nước ~ | E16: ベトナム人 = người Việt. 人 đọc じん khi đứng sau tên nước. | F16: 16 | G16: Chưa học
A17: 13 | B17: はじめまして | D17: Rất hân hạnh được gặp | E17: Chỉ nói MỘT LẦN duy nhất khi gặp lần đầu. | F17: 16 | G17: Chưa học
A18: 14 | B18: どうぞ よろしく | D18: Mong được giúp đỡ | E18: Câu chốt sau khi giới thiệu tên. Lịch sự hơn: よろしく おねがいします。 | F18: 16 | G18: Chưa học
A19: ▌ BÀI 2 · これ・それ・あれ — Chỉ đồ vật (14 từ)
A20: 15 | B20: ほん | C20: 本 | D20: Sách | E20: 本 = gốc cây (木 thêm vạch ở rễ) → gốc tri thức → SÁCH. | F20: 17 | G20: Chưa học
A21: 16 | B21: じしょ | C21: 辞書 | D21: Từ điển | E21: TỪ THƯ = sách chứa từ. 書 (thư) = viết/sách. | F21: 17 | G21: Chưa học
A22: 17 | B22: ざっし | C22: 雑誌 | D22: Tạp chí | E22: TẠP CHÍ — âm Hán Việt gần như y hệt tiếng Việt. | F22: 17 | G22: Chưa học
A23: 18 | B23: しんぶん | C23: 新聞 | D23: Báo | E23: TÂN VĂN = tin mới nghe được. 新 (mới) + 聞 (nghe). | F23: 17 | G23: Chưa học
A24: 19 | B24: てちょう | C24: 手帳 | D24: Sổ tay | E24: THỦ TRƯỚNG = cuốn sổ cầm trên TAY (手). | F24: 17 | G24: Chưa học
A25: 20 | B25: めいし | C25: 名刺 | D25: Danh thiếp | E25: DANH THÍCH = tấm ghi tên. 名 (danh) đã học ở 名前. | F25: 17 | G25: Chưa học
A26: 21 | B26: かぎ | C26: 鍵 | D26: Chìa khóa | E26: KA-GI: 'cà ghi' — cắm chìa vào ổ nghe 'cạch'. | F26: 17 | G26: Chưa học
A27: 22 | B27: とけい | C27: 時計 | D27: Đồng hồ | E27: THỜI KẾ = dụng cụ đo thời gian. 時 (thời) vừa học. | F27: 18 | G27: Chưa học
A28: 23 | B28: かさ | C28: 傘 | D28: Ô, dù | E28: Kanji 傘 nhìn đúng như cái ô đang xòe ra có nan. | F28: 18 | G28: Chưa học
A29: 24 | B29: かばん | D29: Cặp, túi xách | E29: KA-BAN nghe như 'cà bần' — cái túi đeo lủng lẳng. | F29: 18 | G29: Chưa học
A30: 25 | B30: テレビ | D30: Ti vi | E30: Từ 'television'. Katakana rút gọn tiếng Anh. | F30: 18 | G30: Chưa học
A31: 26 | B31: ラジオ | D31: Radio | E31: Đọc thẳng từ 'radio'. | F31: 18 | G31: Chưa học
A32: 27 | B32: えんぴつ | C32: 鉛筆 | D32: Bút chì | E32: DIÊN BÚT = bút bằng chì. 筆 (bút) là bộ 竹 (tre) + 聿. | F32: 18 | G32: Chưa học
A33: 28 | B33: ボールペン | D33: Bút bi | E33: 'Ball pen' — bút có viên bi ở đầu. | F33: 18 | G33: Chưa học
A34: ▌ BÀI 3 · ここ・そこ・あそこ — Chỉ nơi chốn (14 từ)
A35: 29 | B35: きょうしつ | C35: 教室 | D35: Phòng học | E35: GIÁO THẤT = phòng để dạy. 室 (thất) = phòng, gặp lại ở 事務室. | F35: 19 | G35: Chưa học
A36: 30 | B36: しょくどう | C36: 食堂 | D36: Nhà ăn, căng tin | E36: THỰC ĐƯỜNG = nơi để ăn. 食 (thực) = ăn. | F36: 19 | G36: Chưa học
A37: 31 | B37: じむしょ | C37: 事務所 | D37: Văn phòng | E37: SỰ VỤ SỞ = nơi xử lý công việc. | F37: 19 | G37: Chưa học
A38: 32 | B38: かいぎしつ | C38: 会議室 | D38: Phòng họp | E38: HỘI NGHỊ THẤT = phòng hội nghị. | F38: 19 | G38: Chưa học
A39: 33 | B39: うけつけ | C39: 受付 | D39: Quầy lễ tân | E39: THỤ PHÓ = nơi TIẾP NHẬN (受 = nhận) khách. | F39: 19 | G39: Chưa học
A40: 34 | B40: トイレ / おてあらい | C40: お手洗い | D40: Nhà vệ sinh | E40: お手洗い = 'chỗ RỬA TAY' (手 tay + 洗 rửa) — cách nói lịch sự. | F40: 19 | G40: Chưa học
A41: 35 | B41: かいだん | C41: 階段 | D41: Cầu thang | E41: GIAI ĐOẠN = từng bậc từng bậc. 階 (giai) = tầng. | F41: 19 | G41: Chưa học
A42: 36 | B42: エレベーター | D42: Thang máy | E42: 'Elevator'. Chú ý trường âm ー ở giữa. | F42: 20 | G42: Chưa học
A43: 37 | B43: くに | C43: 国 | D43: Đất nước | E43: QUỐC — 囗 (biên giới) bao 玉 (ngọc) = lãnh thổ giữ báu vật. | F43: 20 | G43: Chưa học
A44: 38 | B44: かいしゃ | C44: 会社 | D44: Công ty | E44: HỘI XÃ. Đảo ngược thành 社会 (xã hội) là một từ khác — đừng nhầm. | F44: 20 | G44: Chưa học
A45: 39 | B45: うち | C45: 家 | D45: Nhà (của mình) | E45: U-CHI: 'ú chi' — về nhà mới thấy ấm. Kanji 家 = 宀 (mái) + 豕 (con lợn). | F45: 20 | G45: Chưa học
A46: 40 | B46: えん | C46: 円 | D46: Yên (tiền Nhật) | E46: VIÊN = tròn, vì đồng xu hình tròn. | F46: 20 | G46: Chưa học
A47: 41 | B47: いくら | D47: Bao nhiêu tiền | E47: Chỉ dùng hỏi GIÁ. Hỏi số lượng thì dùng いくつ. | F47: 20 | G47: Chưa học
A48: 42 | B48: 〜がい / 〜かい | C48: 〜階 | D48: Tầng ~ | E48: 1階 いっかい, 3階 さんがい — chú ý biến âm. | F48: 20 | G48: Chưa học
A49: ▌ BÀI 4 · Giờ giấc & Thì của động từ (14 từ)
A50: 43 | B50: おきます | C50: 起きます | D50: Thức dậy | E50: 起 = 走 (chạy) + 己 → bật dậy chạy đi. O-KI: 'ô kìa, dậy đi!' | F50: 22 | G50: Chưa học
A51: 44 | B51: ねます | C51: 寝ます | D51: Đi ngủ | E51: 寝 có bộ 宀 (mái nhà) → chui vào nhà nằm NGỦ. | F51: 22 | G51: Chưa học
A52: 45 | B52: はたらきます | C52: 働きます | D52: Làm việc | E52: 働 = 亻 (người) + 動 (động) → người chuyển động = LÀM VIỆC. | F52: 22 | G52: Chưa học
A53: 46 | B53: やすみます | C53: 休みます | D53: Nghỉ ngơi | E53: 休 = 亻 (người) tựa 木 (cây) → dựa gốc cây NGHỈ. | F53: 22 | G53: Chưa học
A54: 47 | B54: べんきょうします | C54: 勉強します | D54: Học bài | E54: MIỄN CƯỠNG — học là phải ép mình một chút, nhớ luôn. | F54: 22 | G54: Chưa học
A55: 48 | B55: おわります | C55: 終わります | D55: Kết thúc | E55: 終 có bộ 糸 (sợi chỉ) → sợi chỉ đến đầu mút = HẾT. | F55: 22 | G55: Chưa học
A56: 49 | B56: あさ | C56: 朝 | D56: Buổi sáng | E56: 朝 có 日 (mặt trời) và 月 (trăng) → lúc trăng lặn mặt trời mọc. | F56: 22 | G56: Chưa học
A57: 50 | B57: ひる | C57: 昼 | D57: Buổi trưa | E57: 昼 có 日 (mặt trời) nằm giữa → mặt trời lên đỉnh. | F57: 23 | G57: Chưa học
A58: 51 | B58: ばん / よる | C58: 晩 / 夜 | D58: Buổi tối / ban đêm | E58: 晩ごはん = bữa tối. 夜 nhấn mạnh khoảng thời gian ban đêm. | F58: 23 | G58: Chưa học
A59: 52 | B59: まいにち | C59: 毎日 | D59: Hằng ngày | E59: MỖI NHẬT = mỗi ngày. Cùng nhóm: 毎朝, 毎晩, 毎年. | F59: 23 | G59: Chưa học
A60: 53 | B60: 〜じ | C60: 〜時 | D60: ~ giờ | E60: 4時 よじ, 7時 しちじ, 9時 くじ — ba giờ đọc bất quy tắc. | F60: 23 | G60: Chưa học
A61: 54 | B61: 〜ふん / 〜ぷん | C61: 〜分 | D61: ~ phút | E61: 1分 いっぷん, 3分 さんぷん, 4分 よんぷん — luyện đọc to nhiều lần. | F61: 23 | G61: Chưa học
... A63: 56 | B63: ゆうびんきょく | C63: 郵便局 | D63: Bưu điện | E63: BƯU TIỆN CỤC — âm Hán Việt gần hệt tiếng Việt 'bưu cục'. | F63: 23 | G63: Chưa học
A64: ▌ BÀI 5 · Đi lại — Phương tiện & Điểm đến (14 từ)
A65: 57 | B65: いきます | C65: 行きます | D65: Đi | E65: 行 là hình ngã tư đường → đứng ngã tư phải chọn hướng ĐI. | F65: 24 | G65: Chưa học
A66: 58 | B66: きます | C66: 来ます | D66: Đến | E66: 来 hình cây lúa chín → mùa gặt ĐẾN. Chia bất quy tắc: 来ない → こない. | F66: 24 | G66: Chưa học
A67: 59 | B67: かえります | C67: 帰ります | D67: Về | E67: 帰 có bộ 巾 (khăn) → xách khăn gói VỀ nhà. | F67: 24 | G67: Chưa học
A68: 60 | B68: でんしゃ | C68: 電車 | D68: Tàu điện | E68: ĐIỆN XA = xe chạy bằng điện. | F68: 24 | G68: Chưa học
A69: 61 | B69: ちかてつ | C69: 地下鉄 | D69: Tàu điện ngầm | E69: ĐỊA HẠ THIẾT = đường sắt dưới lòng đất. | F69: 24 | G69: Chưa học
A70: 62 | B70: しんかんせん | C70: 新幹線 | D70: Tàu Shinkansen | E70: TÂN CÁN TUYẾN = tuyến đường trục mới. | F70: 24 | G70: Chưa học
A71: 63 | B71: ひこうき | C71: 飛行機 | D71: Máy bay | E71: PHI HÀNH CƠ = máy bay bay đi. 機 (cơ) = máy móc. | F71: 24 | G71: Chưa học
A72: 64 | B72: じてんしゃ | C72: 自転車 | D72: Xe đạp | E72: TỰ CHUYỂN XA = xe tự quay bánh. Nhớ kèm 自動車 (ô tô). | F72: 25 | G72: Chưa học
A73: 65 | B73: あるいて | C73: 歩いて | D73: Đi bộ | E73: 歩 có bộ 止 (bàn chân) → dùng chân mà đi. KHÔNG dùng で với 歩いて. | F73: 25 | G73: Chưa học
A74: 66 | B74: ひと | C74: 人 | D74: Người | E74: Hai nét như hai chân đang bước. | F74: 25 | G74: Chưa học
A75: 67 | B75: ともだち | C75: 友だち | D75: Bạn bè | E75: 友 = hai bàn tay nắm nhau → tình BẠN. | F75: 25 | G75: Chưa học
A76: 68 | B76: せんげつ | C76: 先月 | D76: Tháng trước | E76: 先 (TIÊN = trước) + 月 (tháng). Cùng nhóm: 先週, 先年. | F76: 25 | G76: Chưa học
... A78: 70 | B78: たんじょうび | C78: 誕生日 | D78: Sinh nhật | E78: ĐẢN SINH NHẬT = ngày được sinh ra. | F78: 25 | G78: Chưa học
A79: ▌ BÀI 6 · Tân ngữ を & Rủ rê (14 từ)
A80: 71 | B80: たべます | C80: 食べます | D80: Ăn | E80: 食 = mái che trên mâm cơm đầy. | F80: 26 | G80: Chưa học
A81: 72 | B81: のみます | C81: 飲みます | D81: Uống | E81: 飲 = 食 (ăn) + 欠 (há miệng) → ngửa cổ UỐNG. | F81: 26 | G81: Chưa học
A82: 73 | B82: すいます | C82: 吸います | D82: Hút (thuốc) | E82: 吸 có bộ 口 (miệng) → dùng miệng HÚT vào. | F82: 26 | G82: Chưa học
A83: 74 | B83: みます | C83: 見ます | D83: Xem, nhìn | E83: 見 = 目 (mắt) trên 儿 (chân) → mắt biết đi khắp nơi. | F83: 26 | G83: Chưa học
A84: 75 | B84: ききます | C84: 聞きます | D84: Nghe, hỏi | E84: 聞 = 耳 (tai) áp vào 門 (cửa) → nghe lén. | F84: 26 | G84: Chưa học
A85: 76 | B85: よみます | C85: 読みます | D85: Đọc | E85: 読 = 言 (nói) + 売 (bán) → đọc to lời rao hàng. | F85: 26 | G85: Chưa học
A86: 77 | B86: かきます | C86: 書きます | D86: Viết, vẽ | E86: 書 = tay cầm bút viết lên tờ giấy 日. | F86: 26 | G86: Chưa học
A87: 78 | B87: かいます | C87: 買います | D87: Mua | E87: 買 = lưới 罒 chụp lên 貝 (tiền vỏ sò) → gom tiền MUA. | F87: 27 | G87: Chưa học
A88: 79 | B88: します | D88: Làm | E88: Động từ bất quy tắc. Ghép sau danh từ: 勉強します, 電話します. | F88: 27 | G88: Chưa học
A89: 80 | B89: あいます | C89: 会います | D89: Gặp | E89: 会 = mái nhà che nhiều người tụ lại. Đi với trợ từ に: 友だちに 会います。 | F89: 27 | G89: Chưa học
A90: 81 | B90: ごはん | C90: ご飯 | D90: Cơm | E90: 飯 (PHẠN) có bộ 食 → thứ để ăn. 朝ご飯 / 昼ご飯 / 晩ご飯. | F90: 27 | G90: Chưa học
A91: 82 | B91: たまご | C91: 卵 | D91: Trứng | E91: TA-MA-GO: 'ta mà gô' — quả trứng tròn gô. Kanji 卵 giống hai quả trứng có chấm. | F91: 27 | G91: Chưa học
A92: 83 | B92: にく | C92: 肉 | D92: Thịt | E92: NHỤC = thịt. Kanji 肉 giống miếng thịt có vân mỡ bên trong. | F92: 27 | G92: Chưa học
A93: 84 | B93: さかな | C93: 魚 | D93: Cá | E93: Kanji 魚: đầu, thân vảy, bốn chấm là đuôi xòe. | F93: 27 | G93: Chưa học
A94: ▌ BÀI 7 · Cho & Nhận, Công cụ で (14 từ)
A95: 85 | B95: あげます | D95: Cho, tặng | E95: A-GE: 'a, ghê' — tặng món quà ghê gớm. Hướng: TÔI → NGƯỜI KHÁC. | F95: 29 | G95: Chưa học
A96: 86 | B96: もらいます | D96: Nhận được | E96: MO-RA-I: 'mở ra i' — mở món quà nhận được. Hướng: NGƯỜI KHÁC → TÔI. | F96: 29 | G96: Chưa học
A97: 87 | B97: かします | C97: 貸します | D97: Cho mượn | E97: 貸 có 貝 (tiền) → đưa tiền/đồ cho người khác dùng tạm. | F97: 29 | G97: Chưa học
A98: 88 | B98: かります | C98: 借ります | D98: Mượn | E98: 借 = 亻 (người) + 昔 (ngày xưa) → mượn rồi hẹn ngày trả. | F98: 29 | G98: Chưa học
A99: 89 | B99: おしえます | C99: 教えます | D99: Dạy | E99: 教 (GIÁO) = dạy. Cùng gốc với 教室 (phòng học) đã học. | F99: 29 | G99: Chưa học
A100: 90 | B100: ならいます | C100: 習います | D100: Học (từ ai đó) | E100: 習 = 羽 (lông vũ) + 白 → chim non tập bay, lặp đi lặp lại. | F100: 29 | G100: Chưa học
A101: 91 | B101: かけます | D101: Gọi (điện thoại) | E101: 電話を かけます — 'treo' cuộc gọi lên đường dây. | F101: 29 | G101: Chưa học
A102: 92 | B102: て | C102: 手 | D102: Tay | E102: Hình bàn tay xòe các ngón. | F102: 30 | G102: Chưa học
...

Sheet 12. Lịch Minna
A1: LỊCH HỌC 25 BÀI MINNA NO NIHONGO I — bài nào rơi vào ngày nào
A2: Bài | B2: Tên bài (chủ điểm ngữ pháp) | C2: Ngày học | D2: Số ngày | E2: Ngữ pháp | F2: Từ vựng | G2: Điểm cần chú ý
A3: Bài 1 | B3: Chào hỏi & Giới thiệu bản thân | C3: Ngày 15–16 | D3: 2 | E3: 5 mẫu | F3: 14 từ | G3: Trợ từ は đọc là 'wa'. Không dùng あなた bừa bãi — người Nhật gọi bằng tên.
A4: Bài 2 | B4: これ・それ・あれ — Chỉ đồ vật | C4: Ngày 17–18 | D4: 2 | E4: 5 mẫu | F4: 14 từ | G4: Phân biệt これ (đứng một mình) với この (phải có danh từ theo sau).
A5: Bài 3 | B5: ここ・そこ・あそこ — Chỉ nơi chốn | C5: Ngày 19–20 | D5: 2 | E5: 5 mẫu | F5: 14 từ | G5: こちら lịch sự hơn ここ, dùng khi giới thiệu người hoặc nói chuyện với khách.
A6: Bài 4 | B6: Giờ giấc & Thì của động từ | C6: Ngày 22–23 | D6: 2 | E6: 6 mẫu | F6: 14 từ | G6: Giờ đọc bất quy tắc: 4時 よじ, 7時 しちじ, 9時 くじ. Phút cũng biến âm nhiều.
A7: Bài 5 | B7: Đi lại — Phương tiện & Điểm đến | C7: Ngày 24–25 | D7: 2 | E7: 5 mẫu | F7: 14 từ | G7: へ đọc là 'e'. 'Đi bộ' là 歩いて, tuyệt đối không nói 歩いてで.
A8: Bài 6 | B8: Tân ngữ を & Rủ rê | C8: Ngày 26–27 | D8: 2 | E8: 5 mẫu | F8: 14 từ | G8: Phân biệt で (nơi diễn ra hành động) và に (nơi tồn tại) — bẫy kinh điển của đề thi.
A9: Bài 7 | B9: Cho & Nhận, Công cụ で | C9: Ngày 29–30 | D9: 2 | E9: 5 mẫu | F9: 14 từ | G9: あげます là tôi cho người khác, もらいます là tôi nhận. Nhớ chiều mũi tên.
A10: Bài 8 | B10: Tính từ | C10: Ngày 31–32 | D10: 2 | E10: 5 mẫu | F10: 14 từ | G10: きれい và ゆうめい có đuôi い nhưng là な-adj. Đây là bẫy hay gặp nhất.
A11: Bài 9 | B11: Thích / Giỏi / Có & Lý do から | C11: Ngày 33–34 | D11: 2 | E11: 5 mẫu | F11: 14 từ | G11: Đối tượng của 好き・上手・わかります・あります đi với が, KHÔNG dùng を.
A12: Bài 10 | B12: Tồn tại — あります / います & Vị trí | C12: Ngày 36–37 | D12: 2 | E12: 4 mẫu | F12: 14 từ | G12: あります cho vật vô tri, います cho người và động vật. Nhầm là mất điểm ngay.
A13: Bài 11 | B13: Số đếm & Lượng từ | C13: Ngày 38–39 | D13: 2 | E13: 5 mẫu | F13: 14 từ | G13: Lượng từ là phần khó nhất bài này: 〜つ, 〜人, 〜台, 〜枚, 〜冊, 〜回. Đọc to mỗi ngày.
A14: Bài 12 | B14: Quá khứ của tính từ & So sánh | C14: Ngày 40–41 | D14: 2 | E14: 4 mẫu | F14: 14 từ | G14: い-adj quá khứ là 〜かったです, KHÔNG phải 〜いでした. Lỗi sai phổ biến nhất.
... A27: Bài 25 | B27: Giả định — たら & ても | C27: Ngày 75–76 | D27: 2 | E27: 4 mẫu | F27: 14 từ | G27: たら là điều kiện linh hoạt nhất, dùng được với hầu hết mọi loại vế sau.
A29: Các bài tô vàng (14, 17, 19, 20) được xếp 3 ngày thay vì 2, vì đây là các bài chia động từ — nền tảng của toàn bộ tiếng Nhật. Đừng vội qua bài khi chưa chia thành thạo.

Sheet 13. Ngữ pháp JLPT 94
A1: 94 MẪU NGỮ PHÁP N5 THEO DANH SÁCH JLPT — dùng để rà soát lần cuối trước khi thi
A2: Đây là danh sách theo chuẩn JLPT, dùng để KIỂM TRA CHÉO với sheet '10. Ngữ pháp Minna'. Học chính theo Minna, còn bảng này dùng ở giai đoạn 3 để soát xem có mẫu nào bị bỏ sót.
A3: STT | B3: Mẫu ngữ pháp | C3: Ý nghĩa / Cách dùng | D3: Trạng thái | E3: Câu ví dụ bạn tự đặt
A4: 1 | B4: は | C4: Trợ từ chỉ chủ đề (topic marker) | D4: Chưa học
A5: 2 | B5: が | C5: Trợ từ chỉ chủ ngữ | D5: Chưa học
A6: 3 | B6: を | C6: Trợ từ chỉ tân ngữ (đối tượng của động từ) | D6: Chưa học
A7: 4 | B7: に | C7: Chỉ thời gian / địa điểm / phương hướng | D7: Chưa học
A8: 5 | B8: で | C8: Chỉ địa điểm hành động / phương tiện | D8: Chưa học
A9: 6 | B9: へ | C9: Chỉ phương hướng, hướng đến | D9: Chưa học
A10: 7 | B10: の | C10: Sở hữu cách / bổ nghĩa danh từ | D10: Chưa học
A11: 8 | B11: と | C11: Và / cùng với | D11: Chưa học
A12: 9 | B12: だい | C12: Trợ từ nghi vấn (thân mật) | D12: Chưa học
A13: 10 | B13: も | C13: Cũng, cũng...luôn | D13: Chưa học
A14: 11 | B14: 〜ましょう | C14: Rủ rê, đề nghị cùng làm (Hãy...) | D14: Chưa học
A15: 12 | B15: 〜てください | C15: Xin hãy làm... | D15: Chưa học
... A97: 94 | B97: 〜だけ | C97: Chỉ, chỉ có | D97: Chưa học

Sheet 14. Nghe & Đọc
A1: TÀI NGUYÊN NGHE & ĐỌC — phần dễ bị bỏ quên nhất, cũng là phần dễ trượt nhất
A2: STT | B2: Nguồn / Tài liệu | C2: Dùng cho | D2: Cách dùng gợi ý
A3: 1 | B3: Minna no Nihongo I — CD phần 会話 | C3: Nghe | D3: Nghe đúng bài đang học. Ba lượt: nghe không script → nhìn script → nghe và nhắc theo.
A4: 2 | B4: Minna no Nihongo I — 標準問題集 (sách bài tập) | C4: Nghe + Đọc | D4: Phần 聴解 và 読解 cuối mỗi bài, làm ngay sau khi học xong bài đó.
A5: 3 | B5: Minna no Nihongo I — phần 読み物 | C5: Đọc | D5: Bài đọc ngắn cuối mỗi bài, đọc to thành tiếng ít nhất một lượt.
A6: 4 | B6: NHK News Web Easy | C6: Đọc | D6: Tin tức tiếng Nhật đơn giản có furigana. Mỗi ngày 1 bài, gạch chân từ mới.
A7: 5 | B7: Erin's Challenge! (NHK) | C7: Nghe + Đọc | D7: Video tình huống đời thực cho người mới học, có phụ đề tiếng Nhật.
A8: 6 | B8: Nihongo no Mori — playlist N5 | C8: Nghe | D8: Giảng ngữ pháp bằng tiếng Nhật đơn giản, quen dần với tốc độ nói tự nhiên.
A9: 7 | B9: Shin Kanzen Master N5 / Try! N5 | C9: Nghe + Đọc | D9: Dùng ở giai đoạn 3, luyện đúng dạng bài thi JLPT.
A10: 8 | B10: Đề thi thử JLPT N5 các năm | C10: Nghe + Đọc | D10: Ngày 84 và 88 làm full có bấm giờ, đúng như phòng thi thật.
A11: 9 | B11: Anki / Quizlet | C11: Từ vựng | D11: Tạo bộ thẻ từ sheet '11. Từ vựng 350', ôn 10 phút mỗi ngày lúc rảnh.
A13: ▌ CẤU TRÚC BÀI THI JLPT N5 — biết trước để không bị bất ngờ
A14: Phần | B14: Nội dung | C14: Thời gian | D14: Điểm
A15: Phần 1 | B15: 言語知識(文字・語彙) — Chữ Hán & Từ vựng | C15: 25 phút | D15: Gộp với phần 2, tối đa 120 điểm
A16: Phần 2 | B16: 言語知識(文法)・読解 — Ngữ pháp & Đọc hiểu | C16: 50 phút | D16: Phần 1+2 gộp cần ≥ 38/120
A17: Phần 3 | B17: 聴解 — Nghe hiểu | C17: 30 phút | D17: Tối đa 60 điểm, cần ≥ 19/60
A18: Tổng | B18: Cả 3 phần | C18: 105 phút | D18: 180 điểm — ĐỖ khi tổng ≥ 80

Sheet 15. Tiến độ
B2: BẢNG THEO DÕI TIẾN ĐỘ — tự cập nhật khi bạn tick 'Xong'
B4: Hạng mục | C4: Đã xong | D4: Tổng | E4: % hoàn thành | F4: Ghi chú
B5: Ngày học hoàn thành 100% | C5: =COUNTIF('2. Lộ trình tổng quan'!$N$3:$N$92,1) -> 0 | D5: 90 | E5: =IFERROR($C5/$D5,0) -> 0 | F5: Một ngày tính là xong khi tick hết mọi đầu việc của ngày đó
B6: Đầu việc đã làm | C6: =COUNTIF('3. Chi tiết N1-14'!$D:$D,"Xong") + COUNTIF('4. Chi tiết N15-45'!$D:$D,"Xong") + COUNTIF('5. Chi tiết N46-77'!$D:$D,"Xong") + COUNTIF('6. Chi tiết N78-90'!$D:$D,"Xong") -> 0 | D6: 491 | E6: =IFERROR($C6/$D6,0) -> 0 | F6: Tổng đầu việc trong cả 4 sheet chi tiết
B7: Hiragana + Katakana | C7: =COUNTIF('7. Bảng chữ cái'!$F$3:$F$106,"Xong") -> 0 | D7: 104 | E7: =IFERROR($C7/$D7,0) -> 0 | F7: Xong trong 14 ngày đầu
B8: Bộ thủ | C8: =COUNTIF('8. Bộ thủ 45'!$H$4:$H$48,"Xong") -> 0 | D8: 45 | E8: =IFERROR($C8/$D8,0) -> 0 | F8: 1 bộ mỗi ngày ở giai đoạn 2
B9: Kanji | C9: =COUNTIF('9. Kanji 103'!$K$3:$K$105,"Xong") -> 0 | D9: 103 | E9: =IFERROR($C9/$D9,0) -> 0 | F9: ~2 chữ mỗi ngày ở giai đoạn 2
B10: Kanji đánh dấu ★ (hay sai) | C10: =COUNTIF('9. Kanji 103'!$L$3:$L$105,"★") -> 0 | D10: 103 | E10: =IFERROR($C10/$D10,0) -> 0 | F10: Càng ít càng tốt. Giai đoạn 3 tập trung vào nhóm này
B11: Ngữ pháp Minna | C11: =COUNTIF('10. Ngữ pháp Minna'!$G$3:$G$139,"Xong") -> 0 | D11: 112 | E11: =IFERROR($C11/$D11,0) -> 0 | F11: Bài 1–25
B12: Từ vựng | C12: =COUNTIF('11. Từ vựng 350'!$G$4:$G$378,"Xong") -> 0 | D12: 350 | E12: =IFERROR($C12/$D12,0) -> 0 | F12: Đây là bản chọn lọc — mở rộng thêm bằng mục 語彙 trong sách
B13: Ngữ pháp JLPT (rà soát cuối) | C13: =COUNTIF('13. Ngữ pháp JLPT 94'!$D$4:$D$97,"Xong") -> 0 | D13: 94 | E13: =IFERROR($C13/$D13,0) -> 0 | F13: Chỉ dùng ở giai đoạn 3 để soát mẫu bị bỏ sót
B15: TỔNG QUAN
B16: Tổng thời gian đã lên lịch | C16: =SUM('2. Lộ trình tổng quan'!$L$3:$L$92)/60 -> 147.91667 | F16: Trung bình khoảng 1 tiếng 39 phút mỗi ngày
B17: Số ngày còn lại đến ngày thi | C17: =MAX(0,'1. Hướng dẫn'!$C$6-TODAY()) -> 102 | F17: Tự tính theo ngày hôm nay
B18: Tiến độ tổng thể | C18: =IFERROR(SUM($C$5:$C$12)/SUM($D$5:$D$12),0) -> 0 | F18: Trung bình các hạng mục (không tính dòng ★)
B20: 「継続は力なり」 — Kiên trì chính là sức mạnh. Mỗi ô bạn tick xanh hôm nay là một câu bạn sẽ trả lời được trong phòng thi. がんばって！
